This file contains any messages produced by compilers while
running configure, to aid debugging if configure makes a mistake.

It was created by Wine configure 10.0, which was
generated by GNU Autoconf 2.71.  Invocation command line was

  $ ./configure --no-create

## --------- ##
## Platform. ##
## --------- ##

hostname = runnervmf2e7y
uname -m = x86_64
uname -r = 6.11.0-1018-azure
uname -s = Linux
uname -v = #18~24.04.1-Ubuntu SMP Sat Jun 28 04:46:03 UTC 2025

/usr/bin/uname -p = x86_64
/bin/uname -X     = unknown

/bin/arch              = x86_64
/usr/bin/arch -k       = unknown
/usr/convex/getsysinfo = unknown
/usr/bin/hostinfo      = unknown
/bin/machine           = unknown
/usr/bin/oslevel       = unknown
/bin/universe          = unknown

PATH: /snap/bin/
PATH: /home/runner/.local/bin/
PATH: /opt/pipx_bin/
PATH: /home/runner/.cargo/bin/
PATH: /home/runner/.config/composer/vendor/bin/
PATH: /usr/local/.ghcup/bin/
PATH: /home/runner/.dotnet/tools/
PATH: /usr/local/sbin/
PATH: /usr/local/bin/
PATH: /usr/sbin/
PATH: /usr/bin/
PATH: /sbin/
PATH: /bin/
PATH: /usr/games/
PATH: /usr/local/games/
PATH: /snap/bin/


## ----------- ##
## Core tests. ##
## ----------- ##

configure:2476: looking for aux files: compile config.guess config.sub ltmain.sh missing install-sh
configure:2489:  trying ./tools/
configure:2518:   ./tools/compile found
configure:2518:   ./tools/config.guess found
configure:2518:   ./tools/config.sub found
configure:2518:   ./tools/ltmain.sh found
configure:2518:   ./tools/missing found
configure:2500:   ./tools/install-sh found
configure:2654: checking for a BSD-compatible install
configure:2727: result: /usr/bin/install -c
configure:2738: checking whether build environment is sane
configure:2793: result: yes
configure:2952: checking for a race-free mkdir -p
configure:2996: result: /usr/bin/mkdir -p
configure:3003: checking for gawk
configure:3024: found /usr/bin/gawk
configure:3035: result: gawk
configure:3046: checking whether make sets $(MAKE)
configure:3069: result: yes
configure:3099: checking whether make supports nested variables
configure:3117: result: yes
configure:3285: checking build system type
configure:3300: result: x86_64-pc-linux-gnu
configure:3320: checking host system type
configure:3334: result: x86_64-pc-linux-gnu
configure:3375: checking how to print strings
configure:3402: result: printf
configure:3436: checking whether make supports the include directive
configure:3451: make -f confmf.GNU && cat confinc.out
this is the am__doit target
configure:3454: $? = 0
configure:3473: result: yes (GNU style)
configure:3549: checking for gcc
configure:3570: found /usr/bin/gcc
configure:3581: result: gcc
configure:3934: checking for C compiler version
configure:3943: gcc --version >&5
gcc (Ubuntu 13.3.0-6ubuntu2~24.04) 13.3.0
Copyright (C) 2023 Free Software Foundation, Inc.
This is free software; see the source for copying conditions.  There is NO
warranty; not even for MERCHANTABILITY or FITNESS FOR A PARTICULAR PURPOSE.

configure:3954: $? = 0
configure:3943: gcc -v >&5
Using built-in specs.
COLLECT_GCC=gcc
COLLECT_LTO_WRAPPER=/usr/libexec/gcc/x86_64-linux-gnu/13/lto-wrapper
OFFLOAD_TARGET_NAMES=nvptx-none:amdgcn-amdhsa
OFFLOAD_TARGET_DEFAULT=1
Target: x86_64-linux-gnu
Configured with: ../src/configure -v --with-pkgversion='Ubuntu 13.3.0-6ubuntu2~24.04' --with-bugurl=file:///usr/share/doc/gcc-13/README.Bugs --enable-languages=c,ada,c++,go,d,fortran,objc,obj-c++,m2 --prefix=/usr --with-gcc-major-version-only --program-suffix=-13 --program-prefix=x86_64-linux-gnu- --enable-shared --enable-linker-build-id --libexecdir=/usr/libexec --without-included-gettext --enable-threads=posix --libdir=/usr/lib --enable-nls --enable-bootstrap --enable-clocale=gnu --enable-libstdcxx-debug --enable-libstdcxx-time=yes --with-default-libstdcxx-abi=new --enable-libstdcxx-backtrace --enable-gnu-unique-object --disable-vtable-verify --enable-plugin --enable-default-pie --with-system-zlib --enable-libphobos-checking=release --with-target-system-zlib=auto --enable-objc-gc=auto --enable-multiarch --disable-werror --enable-cet --with-arch-32=i686 --with-abi=m64 --with-multilib-list=m32,m64,mx32 --enable-multilib --with-tune=generic --enable-offload-targets=nvptx-none=/build/gcc-13-fG75Ri/gcc-13-13.3.0/debian/tmp-nvptx/usr,amdgcn-amdhsa=/build/gcc-13-fG75Ri/gcc-13-13.3.0/debian/tmp-gcn/usr --enable-offload-defaulted --without-cuda-driver --enable-checking=release --build=x86_64-linux-gnu --host=x86_64-linux-gnu --target=x86_64-linux-gnu --with-build-config=bootstrap-lto-lean --enable-link-serialization=2
Thread model: posix
Supported LTO compression algorithms: zlib zstd
gcc version 13.3.0 (Ubuntu 13.3.0-6ubuntu2~24.04) 
... rest of stderr output deleted ...
configure:3954: $? = 0
configure:3943: gcc -V >&5
gcc: error: unrecognized command-line option '-V'
gcc: fatal error: no input files
compilation terminated.
configure:3954: $? = 1
configure:3943: gcc -qversion >&5
gcc: error: unrecognized command-line option '-qversion'; did you mean '--version'?
gcc: fatal error: no input files
compilation terminated.
configure:3954: $? = 1
configure:3943: gcc -version >&5
gcc: error: unrecognized command-line option '-version'
gcc: fatal error: no input files
compilation terminated.
configure:3954: $? = 1
configure:3974: checking whether the C compiler works
configure:3996: gcc    conftest.c  >&5
configure:4000: $? = 0
configure:4050: result: yes
configure:4053: checking for C compiler default output file name
configure:4055: result: a.out
configure:4061: checking for suffix of executables
configure:4068: gcc -o conftest    conftest.c  >&5
configure:4072: $? = 0
configure:4095: result: 
configure:4117: checking whether we are cross compiling
configure:4125: gcc -o conftest    conftest.c  >&5
configure:4129: $? = 0
configure:4136: ./conftest
configure:4140: $? = 0
configure:4155: result: no
configure:4160: checking for suffix of object files
configure:4183: gcc -c   conftest.c >&5
configure:4187: $? = 0
configure:4209: result: o
configure:4213: checking whether the compiler supports GNU C
configure:4233: gcc -c   conftest.c >&5
configure:4233: $? = 0
configure:4243: result: yes
configure:4254: checking whether gcc accepts -g
configure:4275: gcc -c -g  conftest.c >&5
configure:4275: $? = 0
configure:4319: result: yes
configure:4339: checking for gcc option to enable C11 features
configure:4354: gcc  -c -g -O2  conftest.c >&5
configure:4354: $? = 0
configure:4372: result: none needed
configure:4488: checking whether gcc understands -c and -o together
configure:4511: gcc -c conftest.c -o conftest2.o
configure:4514: $? = 0
configure:4511: gcc -c conftest.c -o conftest2.o
configure:4514: $? = 0
configure:4526: result: yes
configure:4545: checking dependency style of gcc
configure:4657: result: gcc3
configure:4672: checking for a sed that does not truncate output
configure:4742: result: /usr/bin/sed
configure:4760: checking for grep that handles long lines and -e
configure:4824: result: /usr/bin/grep
configure:4829: checking for egrep
configure:4897: result: /usr/bin/grep -E
configure:4902: checking for fgrep
configure:4970: result: /usr/bin/grep -F
configure:5006: checking for ld used by gcc
configure:5074: result: /usr/bin/ld
configure:5081: checking if the linker (/usr/bin/ld) is GNU ld
configure:5097: result: yes
configure:5109: checking for BSD- or MS-compatible name lister (nm)
configure:5164: result: /usr/bin/nm -B
configure:5304: checking the name lister (/usr/bin/nm -B) interface
configure:5312: gcc -c -g -O2  conftest.c >&5
configure:5315: /usr/bin/nm -B "conftest.o"
configure:5318: output
0000000000000000 B some_variable
configure:5325: result: BSD nm
configure:5328: checking whether ln -s works
configure:5332: result: yes
configure:5340: checking the maximum length of command line arguments
configure:5472: result: 3145728
configure:5520: checking how to convert x86_64-pc-linux-gnu file names to x86_64-pc-linux-gnu format
configure:5561: result: func_convert_file_noop
configure:5568: checking how to convert x86_64-pc-linux-gnu file names to toolchain format
configure:5589: result: func_convert_file_noop
configure:5596: checking for /usr/bin/ld option to reload object files
configure:5604: result: -r
configure:5683: checking for file
configure:5704: found /usr/bin/file
configure:5715: result: file
configure:5791: checking for objdump
configure:5812: found /usr/bin/objdump
configure:5823: result: objdump
configure:5855: checking how to recognize dependent libraries
configure:6056: result: pass_all
configure:6146: checking for dlltool
configure:6181: result: no
configure:6211: checking how to associate runtime and link libraries
configure:6239: result: printf %s\n
configure:6305: checking for ar
configure:6326: found /usr/bin/ar
configure:6337: result: ar
configure:6390: checking for archiver @FILE support
configure:6408: gcc -c -g -O2  conftest.c >&5
configure:6408: $? = 0
configure:6412: ar cr libconftest.a @conftest.lst >&5
configure:6415: $? = 0
configure:6420: ar cr libconftest.a @conftest.lst >&5
ar: conftest.o: No such file or directory
configure:6423: $? = 1
configure:6435: result: @
configure:6498: checking for strip
configure:6519: found /usr/bin/strip
configure:6530: result: strip
configure:6607: checking for ranlib
configure:6628: found /usr/bin/ranlib
configure:6639: result: ranlib
configure:6741: checking command to parse /usr/bin/nm -B output from gcc object
configure:6895: gcc -c -g -O2  conftest.c >&5
configure:6898: $? = 0
configure:6902: /usr/bin/nm -B conftest.o | /usr/bin/sed -n -e 's/^.*[	 ]\([ABCDGIRSTW][ABCDGIRSTW]*\)[	 ][	 ]*\([_A-Za-z][_A-Za-z0-9]*\)$/\1 \2 \2/p' | /usr/bin/sed '/ __gnu_lto/d' > conftest.nm
configure:6968: gcc -o conftest -g -O2   conftest.c conftstm.o >&5
configure:6971: $? = 0
configure:7009: result: ok
configure:7056: checking for sysroot
configure:7087: result: no
configure:7094: checking for a working dd
configure:7138: result: /usr/bin/dd
configure:7142: checking how to truncate binary pipes
configure:7158: result: /usr/bin/dd bs=4096 count=1
configure:7295: gcc -c -g -O2  conftest.c >&5
configure:7298: $? = 0
configure:7495: checking for mt
configure:7516: found /usr/bin/mt
configure:7527: result: mt
configure:7550: checking if mt is a manifest tool
configure:7557: mt '-?'
configure:7565: result: no
configure:8290: checking for stdio.h
configure:8290: gcc -c -g -O2  conftest.c >&5
configure:8290: $? = 0
configure:8290: result: yes
configure:8290: checking for stdlib.h
configure:8290: gcc -c -g -O2  conftest.c >&5
configure:8290: $? = 0
configure:8290: result: yes
configure:8290: checking for string.h
configure:8290: gcc -c -g -O2  conftest.c >&5
configure:8290: $? = 0
configure:8290: result: yes
configure:8290: checking for inttypes.h
configure:8290: gcc -c -g -O2  conftest.c >&5
configure:8290: $? = 0
configure:8290: result: yes
configure:8290: checking for stdint.h
configure:8290: gcc -c -g -O2  conftest.c >&5
configure:8290: $? = 0
configure:8290: result: yes
configure:8290: checking for strings.h
configure:8290: gcc -c -g -O2  conftest.c >&5
configure:8290: $? = 0
configure:8290: result: yes
configure:8290: checking for sys/stat.h
configure:8290: gcc -c -g -O2  conftest.c >&5
configure:8290: $? = 0
configure:8290: result: yes
configure:8290: checking for sys/types.h
configure:8290: gcc -c -g -O2  conftest.c >&5
configure:8290: $? = 0
configure:8290: result: yes
configure:8290: checking for unistd.h
configure:8290: gcc -c -g -O2  conftest.c >&5
configure:8290: $? = 0
configure:8290: result: yes
configure:8315: checking for dlfcn.h
configure:8315: gcc -c -g -O2  conftest.c >&5
configure:8315: $? = 0
configure:8315: result: yes
configure:8574: checking for objdir
configure:8590: result: .libs
configure:8854: checking if gcc supports -fno-rtti -fno-exceptions
configure:8873: gcc -c -g -O2  -fno-rtti -fno-exceptions conftest.c >&5
cc1: warning: command-line option '-fno-rtti' is valid for C++/D/ObjC++ but not for C
configure:8877: $? = 0
configure:8890: result: no
configure:9254: checking for gcc option to produce PIC
configure:9262: result: -fPIC -DPIC
configure:9270: checking if gcc PIC flag -fPIC -DPIC works
configure:9289: gcc -c -g -O2  -fPIC -DPIC -DPIC conftest.c >&5
configure:9293: $? = 0
configure:9306: result: yes
configure:9335: checking if gcc static flag -static works
configure:9364: result: yes
configure:9379: checking if gcc supports -c -o file.o
configure:9401: gcc -c -g -O2  -o out/conftest2.o conftest.c >&5
configure:9405: $? = 0
configure:9427: result: yes
configure:9435: checking if gcc supports -c -o file.o
configure:9483: result: yes
configure:9516: checking whether the gcc linker (/usr/bin/ld -m elf_x86_64) supports shared libraries
configure:10790: result: yes
configure:10827: checking whether -lc should be explicitly linked in
configure:10836: gcc -c -g -O2  conftest.c >&5
configure:10839: $? = 0
configure:10854: gcc -shared  -fPIC -DPIC conftest.o  -v -Wl,-soname -Wl,conftest -o conftest 2\>\&1 \| /usr/bin/grep  -lc  \>/dev/null 2\>\&1
configure:10857: $? = 0
configure:10871: result: no
configure:11031: checking dynamic linker characteristics
configure:11613: gcc -o conftest -g -O2   -Wl,-rpath -Wl,/foo conftest.c  >&5
configure:11613: $? = 0
configure:11864: result: GNU/Linux ld.so
configure:11986: checking how to hardcode library paths into programs
configure:12011: result: immediate
configure:12563: checking whether stripping libraries is possible
configure:12572: result: yes
configure:12614: checking if libtool supports shared libraries
configure:12616: result: yes
configure:12619: checking whether to build shared libraries
configure:12644: result: yes
configure:12647: checking whether to build static libraries
configure:12651: result: yes
configure:12741: checking for gcc
configure:12773: result: gcc
configure:13126: checking for C compiler version
configure:13135: gcc --version >&5
gcc (Ubuntu 13.3.0-6ubuntu2~24.04) 13.3.0
Copyright (C) 2023 Free Software Foundation, Inc.
This is free software; see the source for copying conditions.  There is NO
warranty; not even for MERCHANTABILITY or FITNESS FOR A PARTICULAR PURPOSE.

configure:13146: $? = 0
configure:13135: gcc -v >&5
Using built-in specs.
COLLECT_GCC=gcc
COLLECT_LTO_WRAPPER=/usr/libexec/gcc/x86_64-linux-gnu/13/lto-wrapper
OFFLOAD_TARGET_NAMES=nvptx-none:amdgcn-amdhsa
OFFLOAD_TARGET_DEFAULT=1
Target: x86_64-linux-gnu
Configured with: ../src/configure -v --with-pkgversion='Ubuntu 13.3.0-6ubuntu2~24.04' --with-bugurl=file:///usr/share/doc/gcc-13/README.Bugs --enable-languages=c,ada,c++,go,d,fortran,objc,obj-c++,m2 --prefix=/usr --with-gcc-major-version-only --program-suffix=-13 --program-prefix=x86_64-linux-gnu- --enable-shared --enable-linker-build-id --libexecdir=/usr/libexec --without-included-gettext --enable-threads=posix --libdir=/usr/lib --enable-nls --enable-bootstrap --enable-clocale=gnu --enable-libstdcxx-debug --enable-libstdcxx-time=yes --with-default-libstdcxx-abi=new --enable-libstdcxx-backtrace --enable-gnu-unique-object --disable-vtable-verify --enable-plugin --enable-default-pie --with-system-zlib --enable-libphobos-checking=release --with-target-system-zlib=auto --enable-objc-gc=auto --enable-multiarch --disable-werror --enable-cet --with-arch-32=i686 --with-abi=m64 --with-multilib-list=m32,m64,mx32 --enable-multilib --with-tune=generic --enable-offload-targets=nvptx-none=/build/gcc-13-fG75Ri/gcc-13-13.3.0/debian/tmp-nvptx/usr,amdgcn-amdhsa=/build/gcc-13-fG75Ri/gcc-13-13.3.0/debian/tmp-gcn/usr --enable-offload-defaulted --without-cuda-driver --enable-checking=release --build=x86_64-linux-gnu --host=x86_64-linux-gnu --target=x86_64-linux-gnu --with-build-config=bootstrap-lto-lean --enable-link-serialization=2
Thread model: posix
Supported LTO compression algorithms: zlib zstd
gcc version 13.3.0 (Ubuntu 13.3.0-6ubuntu2~24.04) 
... rest of stderr output deleted ...
configure:13146: $? = 0
configure:13135: gcc -V >&5
gcc: error: unrecognized command-line option '-V'
gcc: fatal error: no input files
compilation terminated.
configure:13146: $? = 1
configure:13135: gcc -qversion >&5
gcc: error: unrecognized command-line option '-qversion'; did you mean '--version'?
gcc: fatal error: no input files
compilation terminated.
configure:13146: $? = 1
configure:13135: gcc -version >&5
gcc: error: unrecognized command-line option '-version'
gcc: fatal error: no input files
compilation terminated.
configure:13146: $? = 1
configure:13150: checking whether the compiler supports GNU C
configure:13180: result: yes
configure:13191: checking whether gcc accepts -g
configure:13256: result: yes
configure:13276: checking for gcc option to enable C11 features
configure:13309: result: none needed
configure:13425: checking whether gcc understands -c and -o together
configure:13463: result: yes
configure:13482: checking dependency style of gcc
configure:13594: result: gcc3
configure:13610: checking for request_sense
configure:13610: gcc -c -g -O2  conftest.c >&5
conftest.c: In function 'main':
conftest.c:28:13: error: 'request_sense' undeclared (first use in this function)
   28 | if (sizeof (request_sense))
      |             ^~~~~~~~~~~~~
conftest.c:28:13: note: each undeclared identifier is reported only once for each function it appears in
configure:13610: $? = 1
configure: failed program was:
| /* confdefs.h */
| #define PACKAGE_NAME "Wine"
| #define PACKAGE_TARNAME "wine"
| #define PACKAGE_VERSION "10.0"
| #define PACKAGE_STRING "Wine 10.0"
| #define PACKAGE_BUGREPORT "wine-devel@winehq.org"
| #define PACKAGE_URL "https://www.winehq.org"
| #define PACKAGE "wine"
| #define VERSION "10.0"
| #define HAVE_STDIO_H 1
| #define HAVE_STDLIB_H 1
| #define HAVE_STRING_H 1
| #define HAVE_INTTYPES_H 1
| #define HAVE_STDINT_H 1
| #define HAVE_STRINGS_H 1
| #define HAVE_SYS_STAT_H 1
| #define HAVE_SYS_TYPES_H 1
| #define HAVE_UNISTD_H 1
| #define STDC_HEADERS 1
| #define HAVE_DLFCN_H 1
| #define LT_OBJDIR ".libs/"
| /* end confdefs.h.  */
| #include <linux/cdrom.h>
| 
| int
| main (void)
| {
| if (sizeof (request_sense))
| 	 return 0;
|   ;
|   return 0;
| }
configure:13610: result: no
configure:13621: checking whether we can use re-entrant gethostbyname_r Linux style
configure:13650: gcc -o conftest -g -O2   conftest.c  >&5
configure:13650: $? = 0
configure:13661: result: yes
configure:13670: checking for struct sockaddr_un.sun_len
configure:13670: gcc -c -g -O2  conftest.c >&5
conftest.c: In function 'main':
conftest.c:33:27: error: storage size of 'ac_aggr' isn't known
   33 | static struct sockaddr_un ac_aggr;
      |                           ^~~~~~~
configure:13670: $? = 1
configure: failed program was:
| /* confdefs.h */
| #define PACKAGE_NAME "Wine"
| #define PACKAGE_TARNAME "wine"
| #define PACKAGE_VERSION "10.0"
| #define PACKAGE_STRING "Wine 10.0"
| #define PACKAGE_BUGREPORT "wine-devel@winehq.org"
| #define PACKAGE_URL "https://www.winehq.org"
| #define PACKAGE "wine"
| #define VERSION "10.0"
| #define HAVE_STDIO_H 1
| #define HAVE_STDLIB_H 1
| #define HAVE_STRING_H 1
| #define HAVE_INTTYPES_H 1
| #define HAVE_STDINT_H 1
| #define HAVE_STRINGS_H 1
| #define HAVE_SYS_STAT_H 1
| #define HAVE_SYS_TYPES_H 1
| #define HAVE_UNISTD_H 1
| #define STDC_HEADERS 1
| #define HAVE_DLFCN_H 1
| #define LT_OBJDIR ".libs/"
| #define HAVE_LINUX_GETHOSTBYNAME_R_6 1
| /* end confdefs.h.  */
| #include <sys/types.h>
| #include <sys/socket.h>
| #ifdef HAVE_SYS_UN_H
| # include <sys/un.h>
| #endif
| 
| int
| main (void)
| {
| static struct sockaddr_un ac_aggr;
| if (ac_aggr.sun_len)
| return 0;
|   ;
|   return 0;
| }
configure:13670: gcc -c -g -O2  conftest.c >&5
conftest.c: In function 'main':
conftest.c:33:27: error: storage size of 'ac_aggr' isn't known
   33 | static struct sockaddr_un ac_aggr;
      |                           ^~~~~~~
configure:13670: $? = 1
configure: failed program was:
| /* confdefs.h */
| #define PACKAGE_NAME "Wine"
| #define PACKAGE_TARNAME "wine"
| #define PACKAGE_VERSION "10.0"
| #define PACKAGE_STRING "Wine 10.0"
| #define PACKAGE_BUGREPORT "wine-devel@winehq.org"
| #define PACKAGE_URL "https://www.winehq.org"
| #define PACKAGE "wine"
| #define VERSION "10.0"
| #define HAVE_STDIO_H 1
| #define HAVE_STDLIB_H 1
| #define HAVE_STRING_H 1
| #define HAVE_INTTYPES_H 1
| #define HAVE_STDINT_H 1
| #define HAVE_STRINGS_H 1
| #define HAVE_SYS_STAT_H 1
| #define HAVE_SYS_TYPES_H 1
| #define HAVE_UNISTD_H 1
| #define STDC_HEADERS 1
| #define HAVE_DLFCN_H 1
| #define LT_OBJDIR ".libs/"
| #define HAVE_LINUX_GETHOSTBYNAME_R_6 1
| /* end confdefs.h.  */
| #include <sys/types.h>
| #include <sys/socket.h>
| #ifdef HAVE_SYS_UN_H
| # include <sys/un.h>
| #endif
| 
| int
| main (void)
| {
| static struct sockaddr_un ac_aggr;
| if (sizeof ac_aggr.sun_len)
| return 0;
|   ;
|   return 0;
| }
configure:13670: result: no
configure:13685: checking for scsireq_t.cmd
configure:13685: gcc -c -g -O2  conftest.c >&5
conftest.c: In function 'main':
conftest.c:32:8: error: unknown type name 'scsireq_t'
   32 | static scsireq_t ac_aggr;
      |        ^~~~~~~~~
conftest.c:33:12: error: request for member 'cmd' in something not a structure or union
   33 | if (ac_aggr.cmd)
      |            ^
configure:13685: $? = 1
configure: failed program was:
| /* confdefs.h */
| #define PACKAGE_NAME "Wine"
| #define PACKAGE_TARNAME "wine"
| #define PACKAGE_VERSION "10.0"
| #define PACKAGE_STRING "Wine 10.0"
| #define PACKAGE_BUGREPORT "wine-devel@winehq.org"
| #define PACKAGE_URL "https://www.winehq.org"
| #define PACKAGE "wine"
| #define VERSION "10.0"
| #define HAVE_STDIO_H 1
| #define HAVE_STDLIB_H 1
| #define HAVE_STRING_H 1
| #define HAVE_INTTYPES_H 1
| #define HAVE_STDINT_H 1
| #define HAVE_STRINGS_H 1
| #define HAVE_SYS_STAT_H 1
| #define HAVE_SYS_TYPES_H 1
| #define HAVE_UNISTD_H 1
| #define STDC_HEADERS 1
| #define HAVE_DLFCN_H 1
| #define LT_OBJDIR ".libs/"
| #define HAVE_LINUX_GETHOSTBYNAME_R_6 1
| /* end confdefs.h.  */
| #include <sys/types.h>
| #ifdef HAVE_SCSI_SG_H
| #include <scsi/sg.h>
| #endif
| 
| int
| main (void)
| {
| static scsireq_t ac_aggr;
| if (ac_aggr.cmd)
| return 0;
|   ;
|   return 0;
| }
configure:13685: gcc -c -g -O2  conftest.c >&5
conftest.c: In function 'main':
conftest.c:32:8: error: unknown type name 'scsireq_t'
   32 | static scsireq_t ac_aggr;
      |        ^~~~~~~~~
conftest.c:33:19: error: request for member 'cmd' in something not a structure or union
   33 | if (sizeof ac_aggr.cmd)
      |                   ^
configure:13685: $? = 1
configure: failed program was:
| /* confdefs.h */
| #define PACKAGE_NAME "Wine"
| #define PACKAGE_TARNAME "wine"
| #define PACKAGE_VERSION "10.0"
| #define PACKAGE_STRING "Wine 10.0"
| #define PACKAGE_BUGREPORT "wine-devel@winehq.org"
| #define PACKAGE_URL "https://www.winehq.org"
| #define PACKAGE "wine"
| #define VERSION "10.0"
| #define HAVE_STDIO_H 1
| #define HAVE_STDLIB_H 1
| #define HAVE_STRING_H 1
| #define HAVE_INTTYPES_H 1
| #define HAVE_STDINT_H 1
| #define HAVE_STRINGS_H 1
| #define HAVE_SYS_STAT_H 1
| #define HAVE_SYS_TYPES_H 1
| #define HAVE_UNISTD_H 1
| #define STDC_HEADERS 1
| #define HAVE_DLFCN_H 1
| #define LT_OBJDIR ".libs/"
| #define HAVE_LINUX_GETHOSTBYNAME_R_6 1
| /* end confdefs.h.  */
| #include <sys/types.h>
| #ifdef HAVE_SCSI_SG_H
| #include <scsi/sg.h>
| #endif
| 
| int
| main (void)
| {
| static scsireq_t ac_aggr;
| if (sizeof ac_aggr.cmd)
| return 0;
|   ;
|   return 0;
| }
configure:13685: result: no
configure:13697: checking for sg_io_hdr_t.interface_id
configure:13697: gcc -c -g -O2  conftest.c >&5
conftest.c: In function 'main':
conftest.c:32:8: error: unknown type name 'sg_io_hdr_t'
   32 | static sg_io_hdr_t ac_aggr;
      |        ^~~~~~~~~~~
conftest.c:33:12: error: request for member 'interface_id' in something not a structure or union
   33 | if (ac_aggr.interface_id)
      |            ^
configure:13697: $? = 1
configure: failed program was:
| /* confdefs.h */
| #define PACKAGE_NAME "Wine"
| #define PACKAGE_TARNAME "wine"
| #define PACKAGE_VERSION "10.0"
| #define PACKAGE_STRING "Wine 10.0"
| #define PACKAGE_BUGREPORT "wine-devel@winehq.org"
| #define PACKAGE_URL "https://www.winehq.org"
| #define PACKAGE "wine"
| #define VERSION "10.0"
| #define HAVE_STDIO_H 1
| #define HAVE_STDLIB_H 1
| #define HAVE_STRING_H 1
| #define HAVE_INTTYPES_H 1
| #define HAVE_STDINT_H 1
| #define HAVE_STRINGS_H 1
| #define HAVE_SYS_STAT_H 1
| #define HAVE_SYS_TYPES_H 1
| #define HAVE_UNISTD_H 1
| #define STDC_HEADERS 1
| #define HAVE_DLFCN_H 1
| #define LT_OBJDIR ".libs/"
| #define HAVE_LINUX_GETHOSTBYNAME_R_6 1
| /* end confdefs.h.  */
| #include <sys/types.h>
| #ifdef HAVE_SCSI_SG_H
| #include <scsi/sg.h>
| #endif
| 
| int
| main (void)
| {
| static sg_io_hdr_t ac_aggr;
| if (ac_aggr.interface_id)
| return 0;
|   ;
|   return 0;
| }
configure:13697: gcc -c -g -O2  conftest.c >&5
conftest.c: In function 'main':
conftest.c:32:8: error: unknown type name 'sg_io_hdr_t'
   32 | static sg_io_hdr_t ac_aggr;
      |        ^~~~~~~~~~~
conftest.c:33:19: error: request for member 'interface_id' in something not a structure or union
   33 | if (sizeof ac_aggr.interface_id)
      |                   ^
configure:13697: $? = 1
configure: failed program was:
| /* confdefs.h */
| #define PACKAGE_NAME "Wine"
| #define PACKAGE_TARNAME "wine"
| #define PACKAGE_VERSION "10.0"
| #define PACKAGE_STRING "Wine 10.0"
| #define PACKAGE_BUGREPORT "wine-devel@winehq.org"
| #define PACKAGE_URL "https://www.winehq.org"
| #define PACKAGE "wine"
| #define VERSION "10.0"
| #define HAVE_STDIO_H 1
| #define HAVE_STDLIB_H 1
| #define HAVE_STRING_H 1
| #define HAVE_INTTYPES_H 1
| #define HAVE_STDINT_H 1
| #define HAVE_STRINGS_H 1
| #define HAVE_SYS_STAT_H 1
| #define HAVE_SYS_TYPES_H 1
| #define HAVE_UNISTD_H 1
| #define STDC_HEADERS 1
| #define HAVE_DLFCN_H 1
| #define LT_OBJDIR ".libs/"
| #define HAVE_LINUX_GETHOSTBYNAME_R_6 1
| /* end confdefs.h.  */
| #include <sys/types.h>
| #ifdef HAVE_SCSI_SG_H
| #include <scsi/sg.h>
| #endif
| 
| int
| main (void)
| {
| static sg_io_hdr_t ac_aggr;
| if (sizeof ac_aggr.interface_id)
| return 0;
|   ;
|   return 0;
| }
configure:13697: result: no
configure:13711: checking for siginfo_t.si_fd
configure:13711: gcc -c -g -O2  conftest.c >&5
configure:13711: $? = 0
configure:13711: result: yes
configure:13722: checking for struct mtget.mt_blksiz
configure:13722: gcc -c -g -O2  conftest.c >&5
conftest.c: In function 'main':
conftest.c:33:21: error: storage size of 'ac_aggr' isn't known
   33 | static struct mtget ac_aggr;
      |                     ^~~~~~~
configure:13722: $? = 1
configure: failed program was:
| /* confdefs.h */
| #define PACKAGE_NAME "Wine"
| #define PACKAGE_TARNAME "wine"
| #define PACKAGE_VERSION "10.0"
| #define PACKAGE_STRING "Wine 10.0"
| #define PACKAGE_BUGREPORT "wine-devel@winehq.org"
| #define PACKAGE_URL "https://www.winehq.org"
| #define PACKAGE "wine"
| #define VERSION "10.0"
| #define HAVE_STDIO_H 1
| #define HAVE_STDLIB_H 1
| #define HAVE_STRING_H 1
| #define HAVE_INTTYPES_H 1
| #define HAVE_STDINT_H 1
| #define HAVE_STRINGS_H 1
| #define HAVE_SYS_STAT_H 1
| #define HAVE_SYS_TYPES_H 1
| #define HAVE_UNISTD_H 1
| #define STDC_HEADERS 1
| #define HAVE_DLFCN_H 1
| #define LT_OBJDIR ".libs/"
| #define HAVE_LINUX_GETHOSTBYNAME_R_6 1
| #define HAVE_SIGINFO_T_SI_FD 1
| /* end confdefs.h.  */
| #include <sys/types.h>
| #ifdef HAVE_SYS_MTIO_H
| #include <sys/mtio.h>
| #endif
| 
| int
| main (void)
| {
| static struct mtget ac_aggr;
| if (ac_aggr.mt_blksiz)
| return 0;
|   ;
|   return 0;
| }
configure:13722: gcc -c -g -O2  conftest.c >&5
conftest.c: In function 'main':
conftest.c:33:21: error: storage size of 'ac_aggr' isn't known
   33 | static struct mtget ac_aggr;
      |                     ^~~~~~~
configure:13722: $? = 1
configure: failed program was:
| /* confdefs.h */
| #define PACKAGE_NAME "Wine"
| #define PACKAGE_TARNAME "wine"
| #define PACKAGE_VERSION "10.0"
| #define PACKAGE_STRING "Wine 10.0"
| #define PACKAGE_BUGREPORT "wine-devel@winehq.org"
| #define PACKAGE_URL "https://www.winehq.org"
| #define PACKAGE "wine"
| #define VERSION "10.0"
| #define HAVE_STDIO_H 1
| #define HAVE_STDLIB_H 1
| #define HAVE_STRING_H 1
| #define HAVE_INTTYPES_H 1
| #define HAVE_STDINT_H 1
| #define HAVE_STRINGS_H 1
| #define HAVE_SYS_STAT_H 1
| #define HAVE_SYS_TYPES_H 1
| #define HAVE_UNISTD_H 1
| #define STDC_HEADERS 1
| #define HAVE_DLFCN_H 1
| #define LT_OBJDIR ".libs/"
| #define HAVE_LINUX_GETHOSTBYNAME_R_6 1
| #define HAVE_SIGINFO_T_SI_FD 1
| /* end confdefs.h.  */
| #include <sys/types.h>
| #ifdef HAVE_SYS_MTIO_H
| #include <sys/mtio.h>
| #endif
| 
| int
| main (void)
| {
| static struct mtget ac_aggr;
| if (sizeof ac_aggr.mt_blksiz)
| return 0;
|   ;
|   return 0;
| }
configure:13722: result: no
configure:13734: checking for struct mtget.mt_gstat
configure:13734: gcc -c -g -O2  conftest.c >&5
conftest.c: In function 'main':
conftest.c:33:21: error: storage size of 'ac_aggr' isn't known
   33 | static struct mtget ac_aggr;
      |                     ^~~~~~~
configure:13734: $? = 1
configure: failed program was:
| /* confdefs.h */
| #define PACKAGE_NAME "Wine"
| #define PACKAGE_TARNAME "wine"
| #define PACKAGE_VERSION "10.0"
| #define PACKAGE_STRING "Wine 10.0"
| #define PACKAGE_BUGREPORT "wine-devel@winehq.org"
| #define PACKAGE_URL "https://www.winehq.org"
| #define PACKAGE "wine"
| #define VERSION "10.0"
| #define HAVE_STDIO_H 1
| #define HAVE_STDLIB_H 1
| #define HAVE_STRING_H 1
| #define HAVE_INTTYPES_H 1
| #define HAVE_STDINT_H 1
| #define HAVE_STRINGS_H 1
| #define HAVE_SYS_STAT_H 1
| #define HAVE_SYS_TYPES_H 1
| #define HAVE_UNISTD_H 1
| #define STDC_HEADERS 1
| #define HAVE_DLFCN_H 1
| #define LT_OBJDIR ".libs/"
| #define HAVE_LINUX_GETHOSTBYNAME_R_6 1
| #define HAVE_SIGINFO_T_SI_FD 1
| /* end confdefs.h.  */
| #include <sys/types.h>
| #ifdef HAVE_SYS_MTIO_H
| #include <sys/mtio.h>
| #endif
| 
| int
| main (void)
| {
| static struct mtget ac_aggr;
| if (ac_aggr.mt_gstat)
| return 0;
|   ;
|   return 0;
| }
configure:13734: gcc -c -g -O2  conftest.c >&5
conftest.c: In function 'main':
conftest.c:33:21: error: storage size of 'ac_aggr' isn't known
   33 | static struct mtget ac_aggr;
      |                     ^~~~~~~
configure:13734: $? = 1
configure: failed program was:
| /* confdefs.h */
| #define PACKAGE_NAME "Wine"
| #define PACKAGE_TARNAME "wine"
| #define PACKAGE_VERSION "10.0"
| #define PACKAGE_STRING "Wine 10.0"
| #define PACKAGE_BUGREPORT "wine-devel@winehq.org"
| #define PACKAGE_URL "https://www.winehq.org"
| #define PACKAGE "wine"
| #define VERSION "10.0"
| #define HAVE_STDIO_H 1
| #define HAVE_STDLIB_H 1
| #define HAVE_STRING_H 1
| #define HAVE_INTTYPES_H 1
| #define HAVE_STDINT_H 1
| #define HAVE_STRINGS_H 1
| #define HAVE_SYS_STAT_H 1
| #define HAVE_SYS_TYPES_H 1
| #define HAVE_UNISTD_H 1
| #define STDC_HEADERS 1
| #define HAVE_DLFCN_H 1
| #define LT_OBJDIR ".libs/"
| #define HAVE_LINUX_GETHOSTBYNAME_R_6 1
| #define HAVE_SIGINFO_T_SI_FD 1
| /* end confdefs.h.  */
| #include <sys/types.h>
| #ifdef HAVE_SYS_MTIO_H
| #include <sys/mtio.h>
| #endif
| 
| int
| main (void)
| {
| static struct mtget ac_aggr;
| if (sizeof ac_aggr.mt_gstat)
| return 0;
|   ;
|   return 0;
| }
configure:13734: result: no
configure:13746: checking for struct mtget.mt_blkno
configure:13746: gcc -c -g -O2  conftest.c >&5
conftest.c: In function 'main':
conftest.c:33:21: error: storage size of 'ac_aggr' isn't known
   33 | static struct mtget ac_aggr;
      |                     ^~~~~~~
configure:13746: $? = 1
configure: failed program was:
| /* confdefs.h */
| #define PACKAGE_NAME "Wine"
| #define PACKAGE_TARNAME "wine"
| #define PACKAGE_VERSION "10.0"
| #define PACKAGE_STRING "Wine 10.0"
| #define PACKAGE_BUGREPORT "wine-devel@winehq.org"
| #define PACKAGE_URL "https://www.winehq.org"
| #define PACKAGE "wine"
| #define VERSION "10.0"
| #define HAVE_STDIO_H 1
| #define HAVE_STDLIB_H 1
| #define HAVE_STRING_H 1
| #define HAVE_INTTYPES_H 1
| #define HAVE_STDINT_H 1
| #define HAVE_STRINGS_H 1
| #define HAVE_SYS_STAT_H 1
| #define HAVE_SYS_TYPES_H 1
| #define HAVE_UNISTD_H 1
| #define STDC_HEADERS 1
| #define HAVE_DLFCN_H 1
| #define LT_OBJDIR ".libs/"
| #define HAVE_LINUX_GETHOSTBYNAME_R_6 1
| #define HAVE_SIGINFO_T_SI_FD 1
| /* end confdefs.h.  */
| #include <sys/types.h>
| #ifdef HAVE_SYS_MTIO_H
| #include <sys/mtio.h>
| #endif
| 
| int
| main (void)
| {
| static struct mtget ac_aggr;
| if (ac_aggr.mt_blkno)
| return 0;
|   ;
|   return 0;
| }
configure:13746: gcc -c -g -O2  conftest.c >&5
conftest.c: In function 'main':
conftest.c:33:21: error: storage size of 'ac_aggr' isn't known
   33 | static struct mtget ac_aggr;
      |                     ^~~~~~~
configure:13746: $? = 1
configure: failed program was:
| /* confdefs.h */
| #define PACKAGE_NAME "Wine"
| #define PACKAGE_TARNAME "wine"
| #define PACKAGE_VERSION "10.0"
| #define PACKAGE_STRING "Wine 10.0"
| #define PACKAGE_BUGREPORT "wine-devel@winehq.org"
| #define PACKAGE_URL "https://www.winehq.org"
| #define PACKAGE "wine"
| #define VERSION "10.0"
| #define HAVE_STDIO_H 1
| #define HAVE_STDLIB_H 1
| #define HAVE_STRING_H 1
| #define HAVE_INTTYPES_H 1
| #define HAVE_STDINT_H 1
| #define HAVE_STRINGS_H 1
| #define HAVE_SYS_STAT_H 1
| #define HAVE_SYS_TYPES_H 1
| #define HAVE_UNISTD_H 1
| #define STDC_HEADERS 1
| #define HAVE_DLFCN_H 1
| #define LT_OBJDIR ".libs/"
| #define HAVE_LINUX_GETHOSTBYNAME_R_6 1
| #define HAVE_SIGINFO_T_SI_FD 1
| /* end confdefs.h.  */
| #include <sys/types.h>
| #ifdef HAVE_SYS_MTIO_H
| #include <sys/mtio.h>
| #endif
| 
| int
| main (void)
| {
| static struct mtget ac_aggr;
| if (sizeof ac_aggr.mt_blkno)
| return 0;
|   ;
|   return 0;
| }
configure:13746: result: no
configure:13760: checking for struct stat.st_mtim
configure:13760: gcc -c -g -O2  conftest.c >&5
conftest.c: In function 'main':
conftest.c:57:5: error: used struct type value where scalar is required
   57 | if (ac_aggr.st_mtim)
      |     ^~~~~~~
configure:13760: $? = 1
configure: failed program was:
| /* confdefs.h */
| #define PACKAGE_NAME "Wine"
| #define PACKAGE_TARNAME "wine"
| #define PACKAGE_VERSION "10.0"
| #define PACKAGE_STRING "Wine 10.0"
| #define PACKAGE_BUGREPORT "wine-devel@winehq.org"
| #define PACKAGE_URL "https://www.winehq.org"
| #define PACKAGE "wine"
| #define VERSION "10.0"
| #define HAVE_STDIO_H 1
| #define HAVE_STDLIB_H 1
| #define HAVE_STRING_H 1
| #define HAVE_INTTYPES_H 1
| #define HAVE_STDINT_H 1
| #define HAVE_STRINGS_H 1
| #define HAVE_SYS_STAT_H 1
| #define HAVE_SYS_TYPES_H 1
| #define HAVE_UNISTD_H 1
| #define STDC_HEADERS 1
| #define HAVE_DLFCN_H 1
| #define LT_OBJDIR ".libs/"
| #define HAVE_LINUX_GETHOSTBYNAME_R_6 1
| #define HAVE_SIGINFO_T_SI_FD 1
| /* end confdefs.h.  */
| #include <stddef.h>
| #ifdef HAVE_STDIO_H
| # include <stdio.h>
| #endif
| #ifdef HAVE_STDLIB_H
| # include <stdlib.h>
| #endif
| #ifdef HAVE_STRING_H
| # include <string.h>
| #endif
| #ifdef HAVE_INTTYPES_H
| # include <inttypes.h>
| #endif
| #ifdef HAVE_STDINT_H
| # include <stdint.h>
| #endif
| #ifdef HAVE_STRINGS_H
| # include <strings.h>
| #endif
| #ifdef HAVE_SYS_TYPES_H
| # include <sys/types.h>
| #endif
| #ifdef HAVE_SYS_STAT_H
| # include <sys/stat.h>
| #endif
| #ifdef HAVE_UNISTD_H
| # include <unistd.h>
| #endif
| int
| main (void)
| {
| static struct stat ac_aggr;
| if (ac_aggr.st_mtim)
| return 0;
|   ;
|   return 0;
| }
configure:13760: gcc -c -g -O2  conftest.c >&5
configure:13760: $? = 0
configure:13760: result: yes
configure:13768: checking for struct stat.st_mtimespec
configure:13768: gcc -c -g -O2  conftest.c >&5
conftest.c: In function 'main':
conftest.c:58:12: error: 'struct stat' has no member named 'st_mtimespec'
   58 | if (ac_aggr.st_mtimespec)
      |            ^
configure:13768: $? = 1
configure: failed program was:
| /* confdefs.h */
| #define PACKAGE_NAME "Wine"
| #define PACKAGE_TARNAME "wine"
| #define PACKAGE_VERSION "10.0"
| #define PACKAGE_STRING "Wine 10.0"
| #define PACKAGE_BUGREPORT "wine-devel@winehq.org"
| #define PACKAGE_URL "https://www.winehq.org"
| #define PACKAGE "wine"
| #define VERSION "10.0"
| #define HAVE_STDIO_H 1
| #define HAVE_STDLIB_H 1
| #define HAVE_STRING_H 1
| #define HAVE_INTTYPES_H 1
| #define HAVE_STDINT_H 1
| #define HAVE_STRINGS_H 1
| #define HAVE_SYS_STAT_H 1
| #define HAVE_SYS_TYPES_H 1
| #define HAVE_UNISTD_H 1
| #define STDC_HEADERS 1
| #define HAVE_DLFCN_H 1
| #define LT_OBJDIR ".libs/"
| #define HAVE_LINUX_GETHOSTBYNAME_R_6 1
| #define HAVE_SIGINFO_T_SI_FD 1
| #define HAVE_STRUCT_STAT_ST_MTIM 1
| /* end confdefs.h.  */
| #include <stddef.h>
| #ifdef HAVE_STDIO_H
| # include <stdio.h>
| #endif
| #ifdef HAVE_STDLIB_H
| # include <stdlib.h>
| #endif
| #ifdef HAVE_STRING_H
| # include <string.h>
| #endif
| #ifdef HAVE_INTTYPES_H
| # include <inttypes.h>
| #endif
| #ifdef HAVE_STDINT_H
| # include <stdint.h>
| #endif
| #ifdef HAVE_STRINGS_H
| # include <strings.h>
| #endif
| #ifdef HAVE_SYS_TYPES_H
| # include <sys/types.h>
| #endif
| #ifdef HAVE_SYS_STAT_H
| # include <sys/stat.h>
| #endif
| #ifdef HAVE_UNISTD_H
| # include <unistd.h>
| #endif
| int
| main (void)
| {
| static struct stat ac_aggr;
| if (ac_aggr.st_mtimespec)
| return 0;
|   ;
|   return 0;
| }
configure:13768: gcc -c -g -O2  conftest.c >&5
conftest.c: In function 'main':
conftest.c:58:19: error: 'struct stat' has no member named 'st_mtimespec'
   58 | if (sizeof ac_aggr.st_mtimespec)
      |                   ^
configure:13768: $? = 1
configure: failed program was:
| /* confdefs.h */
| #define PACKAGE_NAME "Wine"
| #define PACKAGE_TARNAME "wine"
| #define PACKAGE_VERSION "10.0"
| #define PACKAGE_STRING "Wine 10.0"
| #define PACKAGE_BUGREPORT "wine-devel@winehq.org"
| #define PACKAGE_URL "https://www.winehq.org"
| #define PACKAGE "wine"
| #define VERSION "10.0"
| #define HAVE_STDIO_H 1
| #define HAVE_STDLIB_H 1
| #define HAVE_STRING_H 1
| #define HAVE_INTTYPES_H 1
| #define HAVE_STDINT_H 1
| #define HAVE_STRINGS_H 1
| #define HAVE_SYS_STAT_H 1
| #define HAVE_SYS_TYPES_H 1
| #define HAVE_UNISTD_H 1
| #define STDC_HEADERS 1
| #define HAVE_DLFCN_H 1
| #define LT_OBJDIR ".libs/"
| #define HAVE_LINUX_GETHOSTBYNAME_R_6 1
| #define HAVE_SIGINFO_T_SI_FD 1
| #define HAVE_STRUCT_STAT_ST_MTIM 1
| /* end confdefs.h.  */
| #include <stddef.h>
| #ifdef HAVE_STDIO_H
| # include <stdio.h>
| #endif
| #ifdef HAVE_STDLIB_H
| # include <stdlib.h>
| #endif
| #ifdef HAVE_STRING_H
| # include <string.h>
| #endif
| #ifdef HAVE_INTTYPES_H
| # include <inttypes.h>
| #endif
| #ifdef HAVE_STDINT_H
| # include <stdint.h>
| #endif
| #ifdef HAVE_STRINGS_H
| # include <strings.h>
| #endif
| #ifdef HAVE_SYS_TYPES_H
| # include <sys/types.h>
| #endif
| #ifdef HAVE_SYS_STAT_H
| # include <sys/stat.h>
| #endif
| #ifdef HAVE_UNISTD_H
| # include <unistd.h>
| #endif
| int
| main (void)
| {
| static struct stat ac_aggr;
| if (sizeof ac_aggr.st_mtimespec)
| return 0;
|   ;
|   return 0;
| }
configure:13768: result: no
configure:13776: checking for struct stat.st_ctim
configure:13776: gcc -c -g -O2  conftest.c >&5
conftest.c: In function 'main':
conftest.c:58:5: error: used struct type value where scalar is required
   58 | if (ac_aggr.st_ctim)
      |     ^~~~~~~
configure:13776: $? = 1
configure: failed program was:
| /* confdefs.h */
| #define PACKAGE_NAME "Wine"
| #define PACKAGE_TARNAME "wine"
| #define PACKAGE_VERSION "10.0"
| #define PACKAGE_STRING "Wine 10.0"
| #define PACKAGE_BUGREPORT "wine-devel@winehq.org"
| #define PACKAGE_URL "https://www.winehq.org"
| #define PACKAGE "wine"
| #define VERSION "10.0"
| #define HAVE_STDIO_H 1
| #define HAVE_STDLIB_H 1
| #define HAVE_STRING_H 1
| #define HAVE_INTTYPES_H 1
| #define HAVE_STDINT_H 1
| #define HAVE_STRINGS_H 1
| #define HAVE_SYS_STAT_H 1
| #define HAVE_SYS_TYPES_H 1
| #define HAVE_UNISTD_H 1
| #define STDC_HEADERS 1
| #define HAVE_DLFCN_H 1
| #define LT_OBJDIR ".libs/"
| #define HAVE_LINUX_GETHOSTBYNAME_R_6 1
| #define HAVE_SIGINFO_T_SI_FD 1
| #define HAVE_STRUCT_STAT_ST_MTIM 1
| /* end confdefs.h.  */
| #include <stddef.h>
| #ifdef HAVE_STDIO_H
| # include <stdio.h>
| #endif
| #ifdef HAVE_STDLIB_H
| # include <stdlib.h>
| #endif
| #ifdef HAVE_STRING_H
| # include <string.h>
| #endif
| #ifdef HAVE_INTTYPES_H
| # include <inttypes.h>
| #endif
| #ifdef HAVE_STDINT_H
| # include <stdint.h>
| #endif
| #ifdef HAVE_STRINGS_H
| # include <strings.h>
| #endif
| #ifdef HAVE_SYS_TYPES_H
| # include <sys/types.h>
| #endif
| #ifdef HAVE_SYS_STAT_H
| # include <sys/stat.h>
| #endif
| #ifdef HAVE_UNISTD_H
| # include <unistd.h>
| #endif
| int
| main (void)
| {
| static struct stat ac_aggr;
| if (ac_aggr.st_ctim)
| return 0;
|   ;
|   return 0;
| }
configure:13776: gcc -c -g -O2  conftest.c >&5
configure:13776: $? = 0
configure:13776: result: yes
configure:13784: checking for struct stat.st_ctimespec
configure:13784: gcc -c -g -O2  conftest.c >&5
conftest.c: In function 'main':
conftest.c:59:12: error: 'struct stat' has no member named 'st_ctimespec'
   59 | if (ac_aggr.st_ctimespec)
      |            ^
configure:13784: $? = 1
configure: failed program was:
| /* confdefs.h */
| #define PACKAGE_NAME "Wine"
| #define PACKAGE_TARNAME "wine"
| #define PACKAGE_VERSION "10.0"
| #define PACKAGE_STRING "Wine 10.0"
| #define PACKAGE_BUGREPORT "wine-devel@winehq.org"
| #define PACKAGE_URL "https://www.winehq.org"
| #define PACKAGE "wine"
| #define VERSION "10.0"
| #define HAVE_STDIO_H 1
| #define HAVE_STDLIB_H 1
| #define HAVE_STRING_H 1
| #define HAVE_INTTYPES_H 1
| #define HAVE_STDINT_H 1
| #define HAVE_STRINGS_H 1
| #define HAVE_SYS_STAT_H 1
| #define HAVE_SYS_TYPES_H 1
| #define HAVE_UNISTD_H 1
| #define STDC_HEADERS 1
| #define HAVE_DLFCN_H 1
| #define LT_OBJDIR ".libs/"
| #define HAVE_LINUX_GETHOSTBYNAME_R_6 1
| #define HAVE_SIGINFO_T_SI_FD 1
| #define HAVE_STRUCT_STAT_ST_MTIM 1
| #define HAVE_STRUCT_STAT_ST_CTIM 1
| /* end confdefs.h.  */
| #include <stddef.h>
| #ifdef HAVE_STDIO_H
| # include <stdio.h>
| #endif
| #ifdef HAVE_STDLIB_H
| # include <stdlib.h>
| #endif
| #ifdef HAVE_STRING_H
| # include <string.h>
| #endif
| #ifdef HAVE_INTTYPES_H
| # include <inttypes.h>
| #endif
| #ifdef HAVE_STDINT_H
| # include <stdint.h>
| #endif
| #ifdef HAVE_STRINGS_H
| # include <strings.h>
| #endif
| #ifdef HAVE_SYS_TYPES_H
| # include <sys/types.h>
| #endif
| #ifdef HAVE_SYS_STAT_H
| # include <sys/stat.h>
| #endif
| #ifdef HAVE_UNISTD_H
| # include <unistd.h>
| #endif
| int
| main (void)
| {
| static struct stat ac_aggr;
| if (ac_aggr.st_ctimespec)
| return 0;
|   ;
|   return 0;
| }
configure:13784: gcc -c -g -O2  conftest.c >&5
conftest.c: In function 'main':
conftest.c:59:19: error: 'struct stat' has no member named 'st_ctimespec'
   59 | if (sizeof ac_aggr.st_ctimespec)
      |                   ^
configure:13784: $? = 1
configure: failed program was:
| /* confdefs.h */
| #define PACKAGE_NAME "Wine"
| #define PACKAGE_TARNAME "wine"
| #define PACKAGE_VERSION "10.0"
| #define PACKAGE_STRING "Wine 10.0"
| #define PACKAGE_BUGREPORT "wine-devel@winehq.org"
| #define PACKAGE_URL "https://www.winehq.org"
| #define PACKAGE "wine"
| #define VERSION "10.0"
| #define HAVE_STDIO_H 1
| #define HAVE_STDLIB_H 1
| #define HAVE_STRING_H 1
| #define HAVE_INTTYPES_H 1
| #define HAVE_STDINT_H 1
| #define HAVE_STRINGS_H 1
| #define HAVE_SYS_STAT_H 1
| #define HAVE_SYS_TYPES_H 1
| #define HAVE_UNISTD_H 1
| #define STDC_HEADERS 1
| #define HAVE_DLFCN_H 1
| #define LT_OBJDIR ".libs/"
| #define HAVE_LINUX_GETHOSTBYNAME_R_6 1
| #define HAVE_SIGINFO_T_SI_FD 1
| #define HAVE_STRUCT_STAT_ST_MTIM 1
| #define HAVE_STRUCT_STAT_ST_CTIM 1
| /* end confdefs.h.  */
| #include <stddef.h>
| #ifdef HAVE_STDIO_H
| # include <stdio.h>
| #endif
| #ifdef HAVE_STDLIB_H
| # include <stdlib.h>
| #endif
| #ifdef HAVE_STRING_H
| # include <string.h>
| #endif
| #ifdef HAVE_INTTYPES_H
| # include <inttypes.h>
| #endif
| #ifdef HAVE_STDINT_H
| # include <stdint.h>
| #endif
| #ifdef HAVE_STRINGS_H
| # include <strings.h>
| #endif
| #ifdef HAVE_SYS_TYPES_H
| # include <sys/types.h>
| #endif
| #ifdef HAVE_SYS_STAT_H
| # include <sys/stat.h>
| #endif
| #ifdef HAVE_UNISTD_H
| # include <unistd.h>
| #endif
| int
| main (void)
| {
| static struct stat ac_aggr;
| if (sizeof ac_aggr.st_ctimespec)
| return 0;
|   ;
|   return 0;
| }
configure:13784: result: no
configure:13792: checking for struct stat.st_atim
configure:13792: gcc -c -g -O2  conftest.c >&5
conftest.c: In function 'main':
conftest.c:59:5: error: used struct type value where scalar is required
   59 | if (ac_aggr.st_atim)
      |     ^~~~~~~
configure:13792: $? = 1
configure: failed program was:
| /* confdefs.h */
| #define PACKAGE_NAME "Wine"
| #define PACKAGE_TARNAME "wine"
| #define PACKAGE_VERSION "10.0"
| #define PACKAGE_STRING "Wine 10.0"
| #define PACKAGE_BUGREPORT "wine-devel@winehq.org"
| #define PACKAGE_URL "https://www.winehq.org"
| #define PACKAGE "wine"
| #define VERSION "10.0"
| #define HAVE_STDIO_H 1
| #define HAVE_STDLIB_H 1
| #define HAVE_STRING_H 1
| #define HAVE_INTTYPES_H 1
| #define HAVE_STDINT_H 1
| #define HAVE_STRINGS_H 1
| #define HAVE_SYS_STAT_H 1
| #define HAVE_SYS_TYPES_H 1
| #define HAVE_UNISTD_H 1
| #define STDC_HEADERS 1
| #define HAVE_DLFCN_H 1
| #define LT_OBJDIR ".libs/"
| #define HAVE_LINUX_GETHOSTBYNAME_R_6 1
| #define HAVE_SIGINFO_T_SI_FD 1
| #define HAVE_STRUCT_STAT_ST_MTIM 1
| #define HAVE_STRUCT_STAT_ST_CTIM 1
| /* end confdefs.h.  */
| #include <stddef.h>
| #ifdef HAVE_STDIO_H
| # include <stdio.h>
| #endif
| #ifdef HAVE_STDLIB_H
| # include <stdlib.h>
| #endif
| #ifdef HAVE_STRING_H
| # include <string.h>
| #endif
| #ifdef HAVE_INTTYPES_H
| # include <inttypes.h>
| #endif
| #ifdef HAVE_STDINT_H
| # include <stdint.h>
| #endif
| #ifdef HAVE_STRINGS_H
| # include <strings.h>
| #endif
| #ifdef HAVE_SYS_TYPES_H
| # include <sys/types.h>
| #endif
| #ifdef HAVE_SYS_STAT_H
| # include <sys/stat.h>
| #endif
| #ifdef HAVE_UNISTD_H
| # include <unistd.h>
| #endif
| int
| main (void)
| {
| static struct stat ac_aggr;
| if (ac_aggr.st_atim)
| return 0;
|   ;
|   return 0;
| }
configure:13792: gcc -c -g -O2  conftest.c >&5
configure:13792: $? = 0
configure:13792: result: yes
configure:13800: checking for struct stat.st_atimespec
configure:13800: gcc -c -g -O2  conftest.c >&5
conftest.c: In function 'main':
conftest.c:60:12: error: 'struct stat' has no member named 'st_atimespec'
   60 | if (ac_aggr.st_atimespec)
      |            ^
configure:13800: $? = 1
configure: failed program was:
| /* confdefs.h */
| #define PACKAGE_NAME "Wine"
| #define PACKAGE_TARNAME "wine"
| #define PACKAGE_VERSION "10.0"
| #define PACKAGE_STRING "Wine 10.0"
| #define PACKAGE_BUGREPORT "wine-devel@winehq.org"
| #define PACKAGE_URL "https://www.winehq.org"
| #define PACKAGE "wine"
| #define VERSION "10.0"
| #define HAVE_STDIO_H 1
| #define HAVE_STDLIB_H 1
| #define HAVE_STRING_H 1
| #define HAVE_INTTYPES_H 1
| #define HAVE_STDINT_H 1
| #define HAVE_STRINGS_H 1
| #define HAVE_SYS_STAT_H 1
| #define HAVE_SYS_TYPES_H 1
| #define HAVE_UNISTD_H 1
| #define STDC_HEADERS 1
| #define HAVE_DLFCN_H 1
| #define LT_OBJDIR ".libs/"
| #define HAVE_LINUX_GETHOSTBYNAME_R_6 1
| #define HAVE_SIGINFO_T_SI_FD 1
| #define HAVE_STRUCT_STAT_ST_MTIM 1
| #define HAVE_STRUCT_STAT_ST_CTIM 1
| #define HAVE_STRUCT_STAT_ST_ATIM 1
| /* end confdefs.h.  */
| #include <stddef.h>
| #ifdef HAVE_STDIO_H
| # include <stdio.h>
| #endif
| #ifdef HAVE_STDLIB_H
| # include <stdlib.h>
| #endif
| #ifdef HAVE_STRING_H
| # include <string.h>
| #endif
| #ifdef HAVE_INTTYPES_H
| # include <inttypes.h>
| #endif
| #ifdef HAVE_STDINT_H
| # include <stdint.h>
| #endif
| #ifdef HAVE_STRINGS_H
| # include <strings.h>
| #endif
| #ifdef HAVE_SYS_TYPES_H
| # include <sys/types.h>
| #endif
| #ifdef HAVE_SYS_STAT_H
| # include <sys/stat.h>
| #endif
| #ifdef HAVE_UNISTD_H
| # include <unistd.h>
| #endif
| int
| main (void)
| {
| static struct stat ac_aggr;
| if (ac_aggr.st_atimespec)
| return 0;
|   ;
|   return 0;
| }
configure:13800: gcc -c -g -O2  conftest.c >&5
conftest.c: In function 'main':
conftest.c:60:19: error: 'struct stat' has no member named 'st_atimespec'
   60 | if (sizeof ac_aggr.st_atimespec)
      |                   ^
configure:13800: $? = 1
configure: failed program was:
| /* confdefs.h */
| #define PACKAGE_NAME "Wine"
| #define PACKAGE_TARNAME "wine"
| #define PACKAGE_VERSION "10.0"
| #define PACKAGE_STRING "Wine 10.0"
| #define PACKAGE_BUGREPORT "wine-devel@winehq.org"
| #define PACKAGE_URL "https://www.winehq.org"
| #define PACKAGE "wine"
| #define VERSION "10.0"
| #define HAVE_STDIO_H 1
| #define HAVE_STDLIB_H 1
| #define HAVE_STRING_H 1
| #define HAVE_INTTYPES_H 1
| #define HAVE_STDINT_H 1
| #define HAVE_STRINGS_H 1
| #define HAVE_SYS_STAT_H 1
| #define HAVE_SYS_TYPES_H 1
| #define HAVE_UNISTD_H 1
| #define STDC_HEADERS 1
| #define HAVE_DLFCN_H 1
| #define LT_OBJDIR ".libs/"
| #define HAVE_LINUX_GETHOSTBYNAME_R_6 1
| #define HAVE_SIGINFO_T_SI_FD 1
| #define HAVE_STRUCT_STAT_ST_MTIM 1
| #define HAVE_STRUCT_STAT_ST_CTIM 1
| #define HAVE_STRUCT_STAT_ST_ATIM 1
| /* end confdefs.h.  */
| #include <stddef.h>
| #ifdef HAVE_STDIO_H
| # include <stdio.h>
| #endif
| #ifdef HAVE_STDLIB_H
| # include <stdlib.h>
| #endif
| #ifdef HAVE_STRING_H
| # include <string.h>
| #endif
| #ifdef HAVE_INTTYPES_H
| # include <inttypes.h>
| #endif
| #ifdef HAVE_STDINT_H
| # include <stdint.h>
| #endif
| #ifdef HAVE_STRINGS_H
| # include <strings.h>
| #endif
| #ifdef HAVE_SYS_TYPES_H
| # include <sys/types.h>
| #endif
| #ifdef HAVE_SYS_STAT_H
| # include <sys/stat.h>
| #endif
| #ifdef HAVE_UNISTD_H
| # include <unistd.h>
| #endif
| int
| main (void)
| {
| static struct stat ac_aggr;
| if (sizeof ac_aggr.st_atimespec)
| return 0;
|   ;
|   return 0;
| }
configure:13800: result: no
configure:13808: checking for struct stat.st_birthtime
configure:13808: gcc -c -g -O2  conftest.c >&5
conftest.c: In function 'main':
conftest.c:60:12: error: 'struct stat' has no member named 'st_birthtime'
   60 | if (ac_aggr.st_birthtime)
      |            ^
configure:13808: $? = 1
configure: failed program was:
| /* confdefs.h */
| #define PACKAGE_NAME "Wine"
| #define PACKAGE_TARNAME "wine"
| #define PACKAGE_VERSION "10.0"
| #define PACKAGE_STRING "Wine 10.0"
| #define PACKAGE_BUGREPORT "wine-devel@winehq.org"
| #define PACKAGE_URL "https://www.winehq.org"
| #define PACKAGE "wine"
| #define VERSION "10.0"
| #define HAVE_STDIO_H 1
| #define HAVE_STDLIB_H 1
| #define HAVE_STRING_H 1
| #define HAVE_INTTYPES_H 1
| #define HAVE_STDINT_H 1
| #define HAVE_STRINGS_H 1
| #define HAVE_SYS_STAT_H 1
| #define HAVE_SYS_TYPES_H 1
| #define HAVE_UNISTD_H 1
| #define STDC_HEADERS 1
| #define HAVE_DLFCN_H 1
| #define LT_OBJDIR ".libs/"
| #define HAVE_LINUX_GETHOSTBYNAME_R_6 1
| #define HAVE_SIGINFO_T_SI_FD 1
| #define HAVE_STRUCT_STAT_ST_MTIM 1
| #define HAVE_STRUCT_STAT_ST_CTIM 1
| #define HAVE_STRUCT_STAT_ST_ATIM 1
| /* end confdefs.h.  */
| #include <stddef.h>
| #ifdef HAVE_STDIO_H
| # include <stdio.h>
| #endif
| #ifdef HAVE_STDLIB_H
| # include <stdlib.h>
| #endif
| #ifdef HAVE_STRING_H
| # include <string.h>
| #endif
| #ifdef HAVE_INTTYPES_H
| # include <inttypes.h>
| #endif
| #ifdef HAVE_STDINT_H
| # include <stdint.h>
| #endif
| #ifdef HAVE_STRINGS_H
| # include <strings.h>
| #endif
| #ifdef HAVE_SYS_TYPES_H
| # include <sys/types.h>
| #endif
| #ifdef HAVE_SYS_STAT_H
| # include <sys/stat.h>
| #endif
| #ifdef HAVE_UNISTD_H
| # include <unistd.h>
| #endif
| int
| main (void)
| {
| static struct stat ac_aggr;
| if (ac_aggr.st_birthtime)
| return 0;
|   ;
|   return 0;
| }
configure:13808: gcc -c -g -O2  conftest.c >&5
conftest.c: In function 'main':
conftest.c:60:19: error: 'struct stat' has no member named 'st_birthtime'
   60 | if (sizeof ac_aggr.st_birthtime)
      |                   ^
configure:13808: $? = 1
configure: failed program was:
| /* confdefs.h */
| #define PACKAGE_NAME "Wine"
| #define PACKAGE_TARNAME "wine"
| #define PACKAGE_VERSION "10.0"
| #define PACKAGE_STRING "Wine 10.0"
| #define PACKAGE_BUGREPORT "wine-devel@winehq.org"
| #define PACKAGE_URL "https://www.winehq.org"
| #define PACKAGE "wine"
| #define VERSION "10.0"
| #define HAVE_STDIO_H 1
| #define HAVE_STDLIB_H 1
| #define HAVE_STRING_H 1
| #define HAVE_INTTYPES_H 1
| #define HAVE_STDINT_H 1
| #define HAVE_STRINGS_H 1
| #define HAVE_SYS_STAT_H 1
| #define HAVE_SYS_TYPES_H 1
| #define HAVE_UNISTD_H 1
| #define STDC_HEADERS 1
| #define HAVE_DLFCN_H 1
| #define LT_OBJDIR ".libs/"
| #define HAVE_LINUX_GETHOSTBYNAME_R_6 1
| #define HAVE_SIGINFO_T_SI_FD 1
| #define HAVE_STRUCT_STAT_ST_MTIM 1
| #define HAVE_STRUCT_STAT_ST_CTIM 1
| #define HAVE_STRUCT_STAT_ST_ATIM 1
| /* end confdefs.h.  */
| #include <stddef.h>
| #ifdef HAVE_STDIO_H
| # include <stdio.h>
| #endif
| #ifdef HAVE_STDLIB_H
| # include <stdlib.h>
| #endif
| #ifdef HAVE_STRING_H
| # include <string.h>
| #endif
| #ifdef HAVE_INTTYPES_H
| # include <inttypes.h>
| #endif
| #ifdef HAVE_STDINT_H
| # include <stdint.h>
| #endif
| #ifdef HAVE_STRINGS_H
| # include <strings.h>
| #endif
| #ifdef HAVE_SYS_TYPES_H
| # include <sys/types.h>
| #endif
| #ifdef HAVE_SYS_STAT_H
| # include <sys/stat.h>
| #endif
| #ifdef HAVE_UNISTD_H
| # include <unistd.h>
| #endif
| int
| main (void)
| {
| static struct stat ac_aggr;
| if (sizeof ac_aggr.st_birthtime)
| return 0;
|   ;
|   return 0;
| }
configure:13808: result: no
configure:13816: checking for struct stat.st_birthtim
configure:13816: gcc -c -g -O2  conftest.c >&5
conftest.c: In function 'main':
conftest.c:60:12: error: 'struct stat' has no member named 'st_birthtim'
   60 | if (ac_aggr.st_birthtim)
      |            ^
configure:13816: $? = 1
configure: failed program was:
| /* confdefs.h */
| #define PACKAGE_NAME "Wine"
| #define PACKAGE_TARNAME "wine"
| #define PACKAGE_VERSION "10.0"
| #define PACKAGE_STRING "Wine 10.0"
| #define PACKAGE_BUGREPORT "wine-devel@winehq.org"
| #define PACKAGE_URL "https://www.winehq.org"
| #define PACKAGE "wine"
| #define VERSION "10.0"
| #define HAVE_STDIO_H 1
| #define HAVE_STDLIB_H 1
| #define HAVE_STRING_H 1
| #define HAVE_INTTYPES_H 1
| #define HAVE_STDINT_H 1
| #define HAVE_STRINGS_H 1
| #define HAVE_SYS_STAT_H 1
| #define HAVE_SYS_TYPES_H 1
| #define HAVE_UNISTD_H 1
| #define STDC_HEADERS 1
| #define HAVE_DLFCN_H 1
| #define LT_OBJDIR ".libs/"
| #define HAVE_LINUX_GETHOSTBYNAME_R_6 1
| #define HAVE_SIGINFO_T_SI_FD 1
| #define HAVE_STRUCT_STAT_ST_MTIM 1
| #define HAVE_STRUCT_STAT_ST_CTIM 1
| #define HAVE_STRUCT_STAT_ST_ATIM 1
| /* end confdefs.h.  */
| #include <stddef.h>
| #ifdef HAVE_STDIO_H
| # include <stdio.h>
| #endif
| #ifdef HAVE_STDLIB_H
| # include <stdlib.h>
| #endif
| #ifdef HAVE_STRING_H
| # include <string.h>
| #endif
| #ifdef HAVE_INTTYPES_H
| # include <inttypes.h>
| #endif
| #ifdef HAVE_STDINT_H
| # include <stdint.h>
| #endif
| #ifdef HAVE_STRINGS_H
| # include <strings.h>
| #endif
| #ifdef HAVE_SYS_TYPES_H
| # include <sys/types.h>
| #endif
| #ifdef HAVE_SYS_STAT_H
| # include <sys/stat.h>
| #endif
| #ifdef HAVE_UNISTD_H
| # include <unistd.h>
| #endif
| int
| main (void)
| {
| static struct stat ac_aggr;
| if (ac_aggr.st_birthtim)
| return 0;
|   ;
|   return 0;
| }
configure:13816: gcc -c -g -O2  conftest.c >&5
conftest.c: In function 'main':
conftest.c:60:19: error: 'struct stat' has no member named 'st_birthtim'
   60 | if (sizeof ac_aggr.st_birthtim)
      |                   ^
configure:13816: $? = 1
configure: failed program was:
| /* confdefs.h */
| #define PACKAGE_NAME "Wine"
| #define PACKAGE_TARNAME "wine"
| #define PACKAGE_VERSION "10.0"
| #define PACKAGE_STRING "Wine 10.0"
| #define PACKAGE_BUGREPORT "wine-devel@winehq.org"
| #define PACKAGE_URL "https://www.winehq.org"
| #define PACKAGE "wine"
| #define VERSION "10.0"
| #define HAVE_STDIO_H 1
| #define HAVE_STDLIB_H 1
| #define HAVE_STRING_H 1
| #define HAVE_INTTYPES_H 1
| #define HAVE_STDINT_H 1
| #define HAVE_STRINGS_H 1
| #define HAVE_SYS_STAT_H 1
| #define HAVE_SYS_TYPES_H 1
| #define HAVE_UNISTD_H 1
| #define STDC_HEADERS 1
| #define HAVE_DLFCN_H 1
| #define LT_OBJDIR ".libs/"
| #define HAVE_LINUX_GETHOSTBYNAME_R_6 1
| #define HAVE_SIGINFO_T_SI_FD 1
| #define HAVE_STRUCT_STAT_ST_MTIM 1
| #define HAVE_STRUCT_STAT_ST_CTIM 1
| #define HAVE_STRUCT_STAT_ST_ATIM 1
| /* end confdefs.h.  */
| #include <stddef.h>
| #ifdef HAVE_STDIO_H
| # include <stdio.h>
| #endif
| #ifdef HAVE_STDLIB_H
| # include <stdlib.h>
| #endif
| #ifdef HAVE_STRING_H
| # include <string.h>
| #endif
| #ifdef HAVE_INTTYPES_H
| # include <inttypes.h>
| #endif
| #ifdef HAVE_STDINT_H
| # include <stdint.h>
| #endif
| #ifdef HAVE_STRINGS_H
| # include <strings.h>
| #endif
| #ifdef HAVE_SYS_TYPES_H
| # include <sys/types.h>
| #endif
| #ifdef HAVE_SYS_STAT_H
| # include <sys/stat.h>
| #endif
| #ifdef HAVE_UNISTD_H
| # include <unistd.h>
| #endif
| int
| main (void)
| {
| static struct stat ac_aggr;
| if (sizeof ac_aggr.st_birthtim)
| return 0;
|   ;
|   return 0;
| }
configure:13816: result: no
configure:13824: checking for struct stat.st_birthtimespec
configure:13824: gcc -c -g -O2  conftest.c >&5
conftest.c: In function 'main':
conftest.c:60:12: error: 'struct stat' has no member named 'st_birthtimespec'
   60 | if (ac_aggr.st_birthtimespec)
      |            ^
configure:13824: $? = 1
configure: failed program was:
| /* confdefs.h */
| #define PACKAGE_NAME "Wine"
| #define PACKAGE_TARNAME "wine"
| #define PACKAGE_VERSION "10.0"
| #define PACKAGE_STRING "Wine 10.0"
| #define PACKAGE_BUGREPORT "wine-devel@winehq.org"
| #define PACKAGE_URL "https://www.winehq.org"
| #define PACKAGE "wine"
| #define VERSION "10.0"
| #define HAVE_STDIO_H 1
| #define HAVE_STDLIB_H 1
| #define HAVE_STRING_H 1
| #define HAVE_INTTYPES_H 1
| #define HAVE_STDINT_H 1
| #define HAVE_STRINGS_H 1
| #define HAVE_SYS_STAT_H 1
| #define HAVE_SYS_TYPES_H 1
| #define HAVE_UNISTD_H 1
| #define STDC_HEADERS 1
| #define HAVE_DLFCN_H 1
| #define LT_OBJDIR ".libs/"
| #define HAVE_LINUX_GETHOSTBYNAME_R_6 1
| #define HAVE_SIGINFO_T_SI_FD 1
| #define HAVE_STRUCT_STAT_ST_MTIM 1
| #define HAVE_STRUCT_STAT_ST_CTIM 1
| #define HAVE_STRUCT_STAT_ST_ATIM 1
| /* end confdefs.h.  */
| #include <stddef.h>
| #ifdef HAVE_STDIO_H
| # include <stdio.h>
| #endif
| #ifdef HAVE_STDLIB_H
| # include <stdlib.h>
| #endif
| #ifdef HAVE_STRING_H
| # include <string.h>
| #endif
| #ifdef HAVE_INTTYPES_H
| # include <inttypes.h>
| #endif
| #ifdef HAVE_STDINT_H
| # include <stdint.h>
| #endif
| #ifdef HAVE_STRINGS_H
| # include <strings.h>
| #endif
| #ifdef HAVE_SYS_TYPES_H
| # include <sys/types.h>
| #endif
| #ifdef HAVE_SYS_STAT_H
| # include <sys/stat.h>
| #endif
| #ifdef HAVE_UNISTD_H
| # include <unistd.h>
| #endif
| int
| main (void)
| {
| static struct stat ac_aggr;
| if (ac_aggr.st_birthtimespec)
| return 0;
|   ;
|   return 0;
| }
configure:13824: gcc -c -g -O2  conftest.c >&5
conftest.c: In function 'main':
conftest.c:60:19: error: 'struct stat' has no member named 'st_birthtimespec'
   60 | if (sizeof ac_aggr.st_birthtimespec)
      |                   ^
configure:13824: $? = 1
configure: failed program was:
| /* confdefs.h */
| #define PACKAGE_NAME "Wine"
| #define PACKAGE_TARNAME "wine"
| #define PACKAGE_VERSION "10.0"
| #define PACKAGE_STRING "Wine 10.0"
| #define PACKAGE_BUGREPORT "wine-devel@winehq.org"
| #define PACKAGE_URL "https://www.winehq.org"
| #define PACKAGE "wine"
| #define VERSION "10.0"
| #define HAVE_STDIO_H 1
| #define HAVE_STDLIB_H 1
| #define HAVE_STRING_H 1
| #define HAVE_INTTYPES_H 1
| #define HAVE_STDINT_H 1
| #define HAVE_STRINGS_H 1
| #define HAVE_SYS_STAT_H 1
| #define HAVE_SYS_TYPES_H 1
| #define HAVE_UNISTD_H 1
| #define STDC_HEADERS 1
| #define HAVE_DLFCN_H 1
| #define LT_OBJDIR ".libs/"
| #define HAVE_LINUX_GETHOSTBYNAME_R_6 1
| #define HAVE_SIGINFO_T_SI_FD 1
| #define HAVE_STRUCT_STAT_ST_MTIM 1
| #define HAVE_STRUCT_STAT_ST_CTIM 1
| #define HAVE_STRUCT_STAT_ST_ATIM 1
| /* end confdefs.h.  */
| #include <stddef.h>
| #ifdef HAVE_STDIO_H
| # include <stdio.h>
| #endif
| #ifdef HAVE_STDLIB_H
| # include <stdlib.h>
| #endif
| #ifdef HAVE_STRING_H
| # include <string.h>
| #endif
| #ifdef HAVE_INTTYPES_H
| # include <inttypes.h>
| #endif
| #ifdef HAVE_STDINT_H
| # include <stdint.h>
| #endif
| #ifdef HAVE_STRINGS_H
| # include <strings.h>
| #endif
| #ifdef HAVE_SYS_TYPES_H
| # include <sys/types.h>
| #endif
| #ifdef HAVE_SYS_STAT_H
| # include <sys/stat.h>
| #endif
| #ifdef HAVE_UNISTD_H
| # include <unistd.h>
| #endif
| int
| main (void)
| {
| static struct stat ac_aggr;
| if (sizeof ac_aggr.st_birthtimespec)
| return 0;
|   ;
|   return 0;
| }
configure:13824: result: no
configure:13832: checking for struct stat.__st_birthtime
configure:13832: gcc -c -g -O2  conftest.c >&5
conftest.c: In function 'main':
conftest.c:60:12: error: 'struct stat' has no member named '__st_birthtime'
   60 | if (ac_aggr.__st_birthtime)
      |            ^
configure:13832: $? = 1
configure: failed program was:
| /* confdefs.h */
| #define PACKAGE_NAME "Wine"
| #define PACKAGE_TARNAME "wine"
| #define PACKAGE_VERSION "10.0"
| #define PACKAGE_STRING "Wine 10.0"
| #define PACKAGE_BUGREPORT "wine-devel@winehq.org"
| #define PACKAGE_URL "https://www.winehq.org"
| #define PACKAGE "wine"
| #define VERSION "10.0"
| #define HAVE_STDIO_H 1
| #define HAVE_STDLIB_H 1
| #define HAVE_STRING_H 1
| #define HAVE_INTTYPES_H 1
| #define HAVE_STDINT_H 1
| #define HAVE_STRINGS_H 1
| #define HAVE_SYS_STAT_H 1
| #define HAVE_SYS_TYPES_H 1
| #define HAVE_UNISTD_H 1
| #define STDC_HEADERS 1
| #define HAVE_DLFCN_H 1
| #define LT_OBJDIR ".libs/"
| #define HAVE_LINUX_GETHOSTBYNAME_R_6 1
| #define HAVE_SIGINFO_T_SI_FD 1
| #define HAVE_STRUCT_STAT_ST_MTIM 1
| #define HAVE_STRUCT_STAT_ST_CTIM 1
| #define HAVE_STRUCT_STAT_ST_ATIM 1
| /* end confdefs.h.  */
| #include <stddef.h>
| #ifdef HAVE_STDIO_H
| # include <stdio.h>
| #endif
| #ifdef HAVE_STDLIB_H
| # include <stdlib.h>
| #endif
| #ifdef HAVE_STRING_H
| # include <string.h>
| #endif
| #ifdef HAVE_INTTYPES_H
| # include <inttypes.h>
| #endif
| #ifdef HAVE_STDINT_H
| # include <stdint.h>
| #endif
| #ifdef HAVE_STRINGS_H
| # include <strings.h>
| #endif
| #ifdef HAVE_SYS_TYPES_H
| # include <sys/types.h>
| #endif
| #ifdef HAVE_SYS_STAT_H
| # include <sys/stat.h>
| #endif
| #ifdef HAVE_UNISTD_H
| # include <unistd.h>
| #endif
| int
| main (void)
| {
| static struct stat ac_aggr;
| if (ac_aggr.__st_birthtime)
| return 0;
|   ;
|   return 0;
| }
configure:13832: gcc -c -g -O2  conftest.c >&5
conftest.c: In function 'main':
conftest.c:60:19: error: 'struct stat' has no member named '__st_birthtime'
   60 | if (sizeof ac_aggr.__st_birthtime)
      |                   ^
configure:13832: $? = 1
configure: failed program was:
| /* confdefs.h */
| #define PACKAGE_NAME "Wine"
| #define PACKAGE_TARNAME "wine"
| #define PACKAGE_VERSION "10.0"
| #define PACKAGE_STRING "Wine 10.0"
| #define PACKAGE_BUGREPORT "wine-devel@winehq.org"
| #define PACKAGE_URL "https://www.winehq.org"
| #define PACKAGE "wine"
| #define VERSION "10.0"
| #define HAVE_STDIO_H 1
| #define HAVE_STDLIB_H 1
| #define HAVE_STRING_H 1
| #define HAVE_INTTYPES_H 1
| #define HAVE_STDINT_H 1
| #define HAVE_STRINGS_H 1
| #define HAVE_SYS_STAT_H 1
| #define HAVE_SYS_TYPES_H 1
| #define HAVE_UNISTD_H 1
| #define STDC_HEADERS 1
| #define HAVE_DLFCN_H 1
| #define LT_OBJDIR ".libs/"
| #define HAVE_LINUX_GETHOSTBYNAME_R_6 1
| #define HAVE_SIGINFO_T_SI_FD 1
| #define HAVE_STRUCT_STAT_ST_MTIM 1
| #define HAVE_STRUCT_STAT_ST_CTIM 1
| #define HAVE_STRUCT_STAT_ST_ATIM 1
| /* end confdefs.h.  */
| #include <stddef.h>
| #ifdef HAVE_STDIO_H
| # include <stdio.h>
| #endif
| #ifdef HAVE_STDLIB_H
| # include <stdlib.h>
| #endif
| #ifdef HAVE_STRING_H
| # include <string.h>
| #endif
| #ifdef HAVE_INTTYPES_H
| # include <inttypes.h>
| #endif
| #ifdef HAVE_STDINT_H
| # include <stdint.h>
| #endif
| #ifdef HAVE_STRINGS_H
| # include <strings.h>
| #endif
| #ifdef HAVE_SYS_TYPES_H
| # include <sys/types.h>
| #endif
| #ifdef HAVE_SYS_STAT_H
| # include <sys/stat.h>
| #endif
| #ifdef HAVE_UNISTD_H
| # include <unistd.h>
| #endif
| int
| main (void)
| {
| static struct stat ac_aggr;
| if (sizeof ac_aggr.__st_birthtime)
| return 0;
|   ;
|   return 0;
| }
configure:13832: result: no
configure:13840: checking for struct stat.__st_birthtim
configure:13840: gcc -c -g -O2  conftest.c >&5
conftest.c: In function 'main':
conftest.c:60:12: error: 'struct stat' has no member named '__st_birthtim'
   60 | if (ac_aggr.__st_birthtim)
      |            ^
configure:13840: $? = 1
configure: failed program was:
| /* confdefs.h */
| #define PACKAGE_NAME "Wine"
| #define PACKAGE_TARNAME "wine"
| #define PACKAGE_VERSION "10.0"
| #define PACKAGE_STRING "Wine 10.0"
| #define PACKAGE_BUGREPORT "wine-devel@winehq.org"
| #define PACKAGE_URL "https://www.winehq.org"
| #define PACKAGE "wine"
| #define VERSION "10.0"
| #define HAVE_STDIO_H 1
| #define HAVE_STDLIB_H 1
| #define HAVE_STRING_H 1
| #define HAVE_INTTYPES_H 1
| #define HAVE_STDINT_H 1
| #define HAVE_STRINGS_H 1
| #define HAVE_SYS_STAT_H 1
| #define HAVE_SYS_TYPES_H 1
| #define HAVE_UNISTD_H 1
| #define STDC_HEADERS 1
| #define HAVE_DLFCN_H 1
| #define LT_OBJDIR ".libs/"
| #define HAVE_LINUX_GETHOSTBYNAME_R_6 1
| #define HAVE_SIGINFO_T_SI_FD 1
| #define HAVE_STRUCT_STAT_ST_MTIM 1
| #define HAVE_STRUCT_STAT_ST_CTIM 1
| #define HAVE_STRUCT_STAT_ST_ATIM 1
| /* end confdefs.h.  */
| #include <stddef.h>
| #ifdef HAVE_STDIO_H
| # include <stdio.h>
| #endif
| #ifdef HAVE_STDLIB_H
| # include <stdlib.h>
| #endif
| #ifdef HAVE_STRING_H
| # include <string.h>
| #endif
| #ifdef HAVE_INTTYPES_H
| # include <inttypes.h>
| #endif
| #ifdef HAVE_STDINT_H
| # include <stdint.h>
| #endif
| #ifdef HAVE_STRINGS_H
| # include <strings.h>
| #endif
| #ifdef HAVE_SYS_TYPES_H
| # include <sys/types.h>
| #endif
| #ifdef HAVE_SYS_STAT_H
| # include <sys/stat.h>
| #endif
| #ifdef HAVE_UNISTD_H
| # include <unistd.h>
| #endif
| int
| main (void)
| {
| static struct stat ac_aggr;
| if (ac_aggr.__st_birthtim)
| return 0;
|   ;
|   return 0;
| }
configure:13840: gcc -c -g -O2  conftest.c >&5
conftest.c: In function 'main':
conftest.c:60:19: error: 'struct stat' has no member named '__st_birthtim'
   60 | if (sizeof ac_aggr.__st_birthtim)
      |                   ^
configure:13840: $? = 1
configure: failed program was:
| /* confdefs.h */
| #define PACKAGE_NAME "Wine"
| #define PACKAGE_TARNAME "wine"
| #define PACKAGE_VERSION "10.0"
| #define PACKAGE_STRING "Wine 10.0"
| #define PACKAGE_BUGREPORT "wine-devel@winehq.org"
| #define PACKAGE_URL "https://www.winehq.org"
| #define PACKAGE "wine"
| #define VERSION "10.0"
| #define HAVE_STDIO_H 1
| #define HAVE_STDLIB_H 1
| #define HAVE_STRING_H 1
| #define HAVE_INTTYPES_H 1
| #define HAVE_STDINT_H 1
| #define HAVE_STRINGS_H 1
| #define HAVE_SYS_STAT_H 1
| #define HAVE_SYS_TYPES_H 1
| #define HAVE_UNISTD_H 1
| #define STDC_HEADERS 1
| #define HAVE_DLFCN_H 1
| #define LT_OBJDIR ".libs/"
| #define HAVE_LINUX_GETHOSTBYNAME_R_6 1
| #define HAVE_SIGINFO_T_SI_FD 1
| #define HAVE_STRUCT_STAT_ST_MTIM 1
| #define HAVE_STRUCT_STAT_ST_CTIM 1
| #define HAVE_STRUCT_STAT_ST_ATIM 1
| /* end confdefs.h.  */
| #include <stddef.h>
| #ifdef HAVE_STDIO_H
| # include <stdio.h>
| #endif
| #ifdef HAVE_STDLIB_H
| # include <stdlib.h>
| #endif
| #ifdef HAVE_STRING_H
| # include <string.h>
| #endif
| #ifdef HAVE_INTTYPES_H
| # include <inttypes.h>
| #endif
| #ifdef HAVE_STDINT_H
| # include <stdint.h>
| #endif
| #ifdef HAVE_STRINGS_H
| # include <strings.h>
| #endif
| #ifdef HAVE_SYS_TYPES_H
| # include <sys/types.h>
| #endif
| #ifdef HAVE_SYS_STAT_H
| # include <sys/stat.h>
| #endif
| #ifdef HAVE_UNISTD_H
| # include <unistd.h>
| #endif
| int
| main (void)
| {
| static struct stat ac_aggr;
| if (sizeof ac_aggr.__st_birthtim)
| return 0;
|   ;
|   return 0;
| }
configure:13840: result: no
configure:13850: checking for struct sockaddr_in6.sin6_scope_id
configure:13850: gcc -c -g -O2  conftest.c >&5
conftest.c: In function 'main':
conftest.c:36:28: error: storage size of 'ac_aggr' isn't known
   36 | static struct sockaddr_in6 ac_aggr;
      |                            ^~~~~~~
configure:13850: $? = 1
configure: failed program was:
| /* confdefs.h */
| #define PACKAGE_NAME "Wine"
| #define PACKAGE_TARNAME "wine"
| #define PACKAGE_VERSION "10.0"
| #define PACKAGE_STRING "Wine 10.0"
| #define PACKAGE_BUGREPORT "wine-devel@winehq.org"
| #define PACKAGE_URL "https://www.winehq.org"
| #define PACKAGE "wine"
| #define VERSION "10.0"
| #define HAVE_STDIO_H 1
| #define HAVE_STDLIB_H 1
| #define HAVE_STRING_H 1
| #define HAVE_INTTYPES_H 1
| #define HAVE_STDINT_H 1
| #define HAVE_STRINGS_H 1
| #define HAVE_SYS_STAT_H 1
| #define HAVE_SYS_TYPES_H 1
| #define HAVE_UNISTD_H 1
| #define STDC_HEADERS 1
| #define HAVE_DLFCN_H 1
| #define LT_OBJDIR ".libs/"
| #define HAVE_LINUX_GETHOSTBYNAME_R_6 1
| #define HAVE_SIGINFO_T_SI_FD 1
| #define HAVE_STRUCT_STAT_ST_MTIM 1
| #define HAVE_STRUCT_STAT_ST_CTIM 1
| #define HAVE_STRUCT_STAT_ST_ATIM 1
| /* end confdefs.h.  */
| #include <sys/types.h>
| #ifdef HAVE_NETINET_IN_H
| #include <netinet/in.h>
| #endif
| 
| int
| main (void)
| {
| static struct sockaddr_in6 ac_aggr;
| if (ac_aggr.sin6_scope_id)
| return 0;
|   ;
|   return 0;
| }
configure:13850: gcc -c -g -O2  conftest.c >&5
conftest.c: In function 'main':
conftest.c:36:28: error: storage size of 'ac_aggr' isn't known
   36 | static struct sockaddr_in6 ac_aggr;
      |                            ^~~~~~~
configure:13850: $? = 1
configure: failed program was:
| /* confdefs.h */
| #define PACKAGE_NAME "Wine"
| #define PACKAGE_TARNAME "wine"
| #define PACKAGE_VERSION "10.0"
| #define PACKAGE_STRING "Wine 10.0"
| #define PACKAGE_BUGREPORT "wine-devel@winehq.org"
| #define PACKAGE_URL "https://www.winehq.org"
| #define PACKAGE "wine"
| #define VERSION "10.0"
| #define HAVE_STDIO_H 1
| #define HAVE_STDLIB_H 1
| #define HAVE_STRING_H 1
| #define HAVE_INTTYPES_H 1
| #define HAVE_STDINT_H 1
| #define HAVE_STRINGS_H 1
| #define HAVE_SYS_STAT_H 1
| #define HAVE_SYS_TYPES_H 1
| #define HAVE_UNISTD_H 1
| #define STDC_HEADERS 1
| #define HAVE_DLFCN_H 1
| #define LT_OBJDIR ".libs/"
| #define HAVE_LINUX_GETHOSTBYNAME_R_6 1
| #define HAVE_SIGINFO_T_SI_FD 1
| #define HAVE_STRUCT_STAT_ST_MTIM 1
| #define HAVE_STRUCT_STAT_ST_CTIM 1
| #define HAVE_STRUCT_STAT_ST_ATIM 1
| /* end confdefs.h.  */
| #include <sys/types.h>
| #ifdef HAVE_NETINET_IN_H
| #include <netinet/in.h>
| #endif
| 
| int
| main (void)
| {
| static struct sockaddr_in6 ac_aggr;
| if (sizeof ac_aggr.sin6_scope_id)
| return 0;
|   ;
|   return 0;
| }
configure:13850: result: no
configure:13864: checking for struct __res_state._u._ext.nscount6
configure:13864: gcc -c -g -O2  conftest.c >&5
conftest.c: In function 'main':
conftest.c:35:27: error: storage size of 'ac_aggr' isn't known
   35 | static struct __res_state ac_aggr;
      |                           ^~~~~~~
configure:13864: $? = 1
configure: failed program was:
| /* confdefs.h */
| #define PACKAGE_NAME "Wine"
| #define PACKAGE_TARNAME "wine"
| #define PACKAGE_VERSION "10.0"
| #define PACKAGE_STRING "Wine 10.0"
| #define PACKAGE_BUGREPORT "wine-devel@winehq.org"
| #define PACKAGE_URL "https://www.winehq.org"
| #define PACKAGE "wine"
| #define VERSION "10.0"
| #define HAVE_STDIO_H 1
| #define HAVE_STDLIB_H 1
| #define HAVE_STRING_H 1
| #define HAVE_INTTYPES_H 1
| #define HAVE_STDINT_H 1
| #define HAVE_STRINGS_H 1
| #define HAVE_SYS_STAT_H 1
| #define HAVE_SYS_TYPES_H 1
| #define HAVE_UNISTD_H 1
| #define STDC_HEADERS 1
| #define HAVE_DLFCN_H 1
| #define LT_OBJDIR ".libs/"
| #define HAVE_LINUX_GETHOSTBYNAME_R_6 1
| #define HAVE_SIGINFO_T_SI_FD 1
| #define HAVE_STRUCT_STAT_ST_MTIM 1
| #define HAVE_STRUCT_STAT_ST_CTIM 1
| #define HAVE_STRUCT_STAT_ST_ATIM 1
| /* end confdefs.h.  */
| #ifdef HAVE_RESOLV_H
| #include <resolv.h>
| #endif
| 
| int
| main (void)
| {
| static struct __res_state ac_aggr;
| if (ac_aggr._u._ext.nscount6)
| return 0;
|   ;
|   return 0;
| }
configure:13864: gcc -c -g -O2  conftest.c >&5
conftest.c: In function 'main':
conftest.c:35:27: error: storage size of 'ac_aggr' isn't known
   35 | static struct __res_state ac_aggr;
      |                           ^~~~~~~
configure:13864: $? = 1
configure: failed program was:
| /* confdefs.h */
| #define PACKAGE_NAME "Wine"
| #define PACKAGE_TARNAME "wine"
| #define PACKAGE_VERSION "10.0"
| #define PACKAGE_STRING "Wine 10.0"
| #define PACKAGE_BUGREPORT "wine-devel@winehq.org"
| #define PACKAGE_URL "https://www.winehq.org"
| #define PACKAGE "wine"
| #define VERSION "10.0"
| #define HAVE_STDIO_H 1
| #define HAVE_STDLIB_H 1
| #define HAVE_STRING_H 1
| #define HAVE_INTTYPES_H 1
| #define HAVE_STDINT_H 1
| #define HAVE_STRINGS_H 1
| #define HAVE_SYS_STAT_H 1
| #define HAVE_SYS_TYPES_H 1
| #define HAVE_UNISTD_H 1
| #define STDC_HEADERS 1
| #define HAVE_DLFCN_H 1
| #define LT_OBJDIR ".libs/"
| #define HAVE_LINUX_GETHOSTBYNAME_R_6 1
| #define HAVE_SIGINFO_T_SI_FD 1
| #define HAVE_STRUCT_STAT_ST_MTIM 1
| #define HAVE_STRUCT_STAT_ST_CTIM 1
| #define HAVE_STRUCT_STAT_ST_ATIM 1
| /* end confdefs.h.  */
| #ifdef HAVE_RESOLV_H
| #include <resolv.h>
| #endif
| 
| int
| main (void)
| {
| static struct __res_state ac_aggr;
| if (sizeof ac_aggr._u._ext.nscount6)
| return 0;
|   ;
|   return 0;
| }
configure:13864: result: no
configure:13877: checking for struct in6_pktinfo.ipi6_addr
configure:13877: gcc -c -g -O2  conftest.c >&5
conftest.c: In function 'main':
conftest.c:35:27: error: storage size of 'ac_aggr' isn't known
   35 | static struct in6_pktinfo ac_aggr;
      |                           ^~~~~~~
configure:13877: $? = 1
configure: failed program was:
| /* confdefs.h */
| #define PACKAGE_NAME "Wine"
| #define PACKAGE_TARNAME "wine"
| #define PACKAGE_VERSION "10.0"
| #define PACKAGE_STRING "Wine 10.0"
| #define PACKAGE_BUGREPORT "wine-devel@winehq.org"
| #define PACKAGE_URL "https://www.winehq.org"
| #define PACKAGE "wine"
| #define VERSION "10.0"
| #define HAVE_STDIO_H 1
| #define HAVE_STDLIB_H 1
| #define HAVE_STRING_H 1
| #define HAVE_INTTYPES_H 1
| #define HAVE_STDINT_H 1
| #define HAVE_STRINGS_H 1
| #define HAVE_SYS_STAT_H 1
| #define HAVE_SYS_TYPES_H 1
| #define HAVE_UNISTD_H 1
| #define STDC_HEADERS 1
| #define HAVE_DLFCN_H 1
| #define LT_OBJDIR ".libs/"
| #define HAVE_LINUX_GETHOSTBYNAME_R_6 1
| #define HAVE_SIGINFO_T_SI_FD 1
| #define HAVE_STRUCT_STAT_ST_MTIM 1
| #define HAVE_STRUCT_STAT_ST_CTIM 1
| #define HAVE_STRUCT_STAT_ST_ATIM 1
| /* end confdefs.h.  */
| #ifdef HAVE_NETINET_IN_H
| #include <netinet/in.h>
| #endif
| 
| int
| main (void)
| {
| static struct in6_pktinfo ac_aggr;
| if (ac_aggr.ipi6_addr)
| return 0;
|   ;
|   return 0;
| }
configure:13877: gcc -c -g -O2  conftest.c >&5
conftest.c: In function 'main':
conftest.c:35:27: error: storage size of 'ac_aggr' isn't known
   35 | static struct in6_pktinfo ac_aggr;
      |                           ^~~~~~~
configure:13877: $? = 1
configure: failed program was:
| /* confdefs.h */
| #define PACKAGE_NAME "Wine"
| #define PACKAGE_TARNAME "wine"
| #define PACKAGE_VERSION "10.0"
| #define PACKAGE_STRING "Wine 10.0"
| #define PACKAGE_BUGREPORT "wine-devel@winehq.org"
| #define PACKAGE_URL "https://www.winehq.org"
| #define PACKAGE "wine"
| #define VERSION "10.0"
| #define HAVE_STDIO_H 1
| #define HAVE_STDLIB_H 1
| #define HAVE_STRING_H 1
| #define HAVE_INTTYPES_H 1
| #define HAVE_STDINT_H 1
| #define HAVE_STRINGS_H 1
| #define HAVE_SYS_STAT_H 1
| #define HAVE_SYS_TYPES_H 1
| #define HAVE_UNISTD_H 1
| #define STDC_HEADERS 1
| #define HAVE_DLFCN_H 1
| #define LT_OBJDIR ".libs/"
| #define HAVE_LINUX_GETHOSTBYNAME_R_6 1
| #define HAVE_SIGINFO_T_SI_FD 1
| #define HAVE_STRUCT_STAT_ST_MTIM 1
| #define HAVE_STRUCT_STAT_ST_CTIM 1
| #define HAVE_STRUCT_STAT_ST_ATIM 1
| /* end confdefs.h.  */
| #ifdef HAVE_NETINET_IN_H
| #include <netinet/in.h>
| #endif
| 
| int
| main (void)
| {
| static struct in6_pktinfo ac_aggr;
| if (sizeof ac_aggr.ipi6_addr)
| return 0;
|   ;
|   return 0;
| }
configure:13877: result: no
configure:13890: checking for struct ipstat.ips_total
configure:13890: gcc -c -g -O2  conftest.c >&5
conftest.c: In function 'main':
conftest.c:42:22: error: storage size of 'ac_aggr' isn't known
   42 | static struct ipstat ac_aggr;
      |                      ^~~~~~~
configure:13890: $? = 1
configure: failed program was:
| /* confdefs.h */
| #define PACKAGE_NAME "Wine"
| #define PACKAGE_TARNAME "wine"
| #define PACKAGE_VERSION "10.0"
| #define PACKAGE_STRING "Wine 10.0"
| #define PACKAGE_BUGREPORT "wine-devel@winehq.org"
| #define PACKAGE_URL "https://www.winehq.org"
| #define PACKAGE "wine"
| #define VERSION "10.0"
| #define HAVE_STDIO_H 1
| #define HAVE_STDLIB_H 1
| #define HAVE_STRING_H 1
| #define HAVE_INTTYPES_H 1
| #define HAVE_STDINT_H 1
| #define HAVE_STRINGS_H 1
| #define HAVE_SYS_STAT_H 1
| #define HAVE_SYS_TYPES_H 1
| #define HAVE_UNISTD_H 1
| #define STDC_HEADERS 1
| #define HAVE_DLFCN_H 1
| #define LT_OBJDIR ".libs/"
| #define HAVE_LINUX_GETHOSTBYNAME_R_6 1
| #define HAVE_SIGINFO_T_SI_FD 1
| #define HAVE_STRUCT_STAT_ST_MTIM 1
| #define HAVE_STRUCT_STAT_ST_CTIM 1
| #define HAVE_STRUCT_STAT_ST_ATIM 1
| /* end confdefs.h.  */
| #include <sys/types.h>
| #ifdef HAVE_SYS_SOCKETVAR_H
| #include <sys/socketvar.h>
| #endif
| #ifdef HAVE_NETINET_IN_H
| #include <netinet/in.h>
| #endif
| #ifdef HAVE_NETINET_IP_VAR_H
| #include <netinet/ip_var.h>
| #endif
| 
| int
| main (void)
| {
| static struct ipstat ac_aggr;
| if (ac_aggr.ips_total)
| return 0;
|   ;
|   return 0;
| }
configure:13890: gcc -c -g -O2  conftest.c >&5
conftest.c: In function 'main':
conftest.c:42:22: error: storage size of 'ac_aggr' isn't known
   42 | static struct ipstat ac_aggr;
      |                      ^~~~~~~
configure:13890: $? = 1
configure: failed program was:
| /* confdefs.h */
| #define PACKAGE_NAME "Wine"
| #define PACKAGE_TARNAME "wine"
| #define PACKAGE_VERSION "10.0"
| #define PACKAGE_STRING "Wine 10.0"
| #define PACKAGE_BUGREPORT "wine-devel@winehq.org"
| #define PACKAGE_URL "https://www.winehq.org"
| #define PACKAGE "wine"
| #define VERSION "10.0"
| #define HAVE_STDIO_H 1
| #define HAVE_STDLIB_H 1
| #define HAVE_STRING_H 1
| #define HAVE_INTTYPES_H 1
| #define HAVE_STDINT_H 1
| #define HAVE_STRINGS_H 1
| #define HAVE_SYS_STAT_H 1
| #define HAVE_SYS_TYPES_H 1
| #define HAVE_UNISTD_H 1
| #define STDC_HEADERS 1
| #define HAVE_DLFCN_H 1
| #define LT_OBJDIR ".libs/"
| #define HAVE_LINUX_GETHOSTBYNAME_R_6 1
| #define HAVE_SIGINFO_T_SI_FD 1
| #define HAVE_STRUCT_STAT_ST_MTIM 1
| #define HAVE_STRUCT_STAT_ST_CTIM 1
| #define HAVE_STRUCT_STAT_ST_ATIM 1
| /* end confdefs.h.  */
| #include <sys/types.h>
| #ifdef HAVE_SYS_SOCKETVAR_H
| #include <sys/socketvar.h>
| #endif
| #ifdef HAVE_NETINET_IN_H
| #include <netinet/in.h>
| #endif
| #ifdef HAVE_NETINET_IP_VAR_H
| #include <netinet/ip_var.h>
| #endif
| 
| int
| main (void)
| {
| static struct ipstat ac_aggr;
| if (sizeof ac_aggr.ips_total)
| return 0;
|   ;
|   return 0;
| }
configure:13890: result: no
configure:13910: checking for struct ip_stats.ips_total
configure:13910: gcc -c -g -O2  conftest.c >&5
conftest.c: In function 'main':
conftest.c:35:24: error: storage size of 'ac_aggr' isn't known
   35 | static struct ip_stats ac_aggr;
      |                        ^~~~~~~
configure:13910: $? = 1
configure: failed program was:
| /* confdefs.h */
| #define PACKAGE_NAME "Wine"
| #define PACKAGE_TARNAME "wine"
| #define PACKAGE_VERSION "10.0"
| #define PACKAGE_STRING "Wine 10.0"
| #define PACKAGE_BUGREPORT "wine-devel@winehq.org"
| #define PACKAGE_URL "https://www.winehq.org"
| #define PACKAGE "wine"
| #define VERSION "10.0"
| #define HAVE_STDIO_H 1
| #define HAVE_STDLIB_H 1
| #define HAVE_STRING_H 1
| #define HAVE_INTTYPES_H 1
| #define HAVE_STDINT_H 1
| #define HAVE_STRINGS_H 1
| #define HAVE_SYS_STAT_H 1
| #define HAVE_SYS_TYPES_H 1
| #define HAVE_UNISTD_H 1
| #define STDC_HEADERS 1
| #define HAVE_DLFCN_H 1
| #define LT_OBJDIR ".libs/"
| #define HAVE_LINUX_GETHOSTBYNAME_R_6 1
| #define HAVE_SIGINFO_T_SI_FD 1
| #define HAVE_STRUCT_STAT_ST_MTIM 1
| #define HAVE_STRUCT_STAT_ST_CTIM 1
| #define HAVE_STRUCT_STAT_ST_ATIM 1
| /* end confdefs.h.  */
| #ifdef HAVE_NETINET_IP_VAR_H
| #include <netinet/ip_var.h>
| #endif
| 
| int
| main (void)
| {
| static struct ip_stats ac_aggr;
| if (ac_aggr.ips_total)
| return 0;
|   ;
|   return 0;
| }
configure:13910: gcc -c -g -O2  conftest.c >&5
conftest.c: In function 'main':
conftest.c:35:24: error: storage size of 'ac_aggr' isn't known
   35 | static struct ip_stats ac_aggr;
      |                        ^~~~~~~
configure:13910: $? = 1
configure: failed program was:
| /* confdefs.h */
| #define PACKAGE_NAME "Wine"
| #define PACKAGE_TARNAME "wine"
| #define PACKAGE_VERSION "10.0"
| #define PACKAGE_STRING "Wine 10.0"
| #define PACKAGE_BUGREPORT "wine-devel@winehq.org"
| #define PACKAGE_URL "https://www.winehq.org"
| #define PACKAGE "wine"
| #define VERSION "10.0"
| #define HAVE_STDIO_H 1
| #define HAVE_STDLIB_H 1
| #define HAVE_STRING_H 1
| #define HAVE_INTTYPES_H 1
| #define HAVE_STDINT_H 1
| #define HAVE_STRINGS_H 1
| #define HAVE_SYS_STAT_H 1
| #define HAVE_SYS_TYPES_H 1
| #define HAVE_UNISTD_H 1
| #define STDC_HEADERS 1
| #define HAVE_DLFCN_H 1
| #define LT_OBJDIR ".libs/"
| #define HAVE_LINUX_GETHOSTBYNAME_R_6 1
| #define HAVE_SIGINFO_T_SI_FD 1
| #define HAVE_STRUCT_STAT_ST_MTIM 1
| #define HAVE_STRUCT_STAT_ST_CTIM 1
| #define HAVE_STRUCT_STAT_ST_ATIM 1
| /* end confdefs.h.  */
| #ifdef HAVE_NETINET_IP_VAR_H
| #include <netinet/ip_var.h>
| #endif
| 
| int
| main (void)
| {
| static struct ip_stats ac_aggr;
| if (sizeof ac_aggr.ips_total)
| return 0;
|   ;
|   return 0;
| }
configure:13910: result: no
configure:13923: checking for struct ip6stat.ip6s_total
configure:13923: gcc -c -g -O2  conftest.c >&5
conftest.c: In function 'main':
conftest.c:42:23: error: storage size of 'ac_aggr' isn't known
   42 | static struct ip6stat ac_aggr;
      |                       ^~~~~~~
configure:13923: $? = 1
configure: failed program was:
| /* confdefs.h */
| #define PACKAGE_NAME "Wine"
| #define PACKAGE_TARNAME "wine"
| #define PACKAGE_VERSION "10.0"
| #define PACKAGE_STRING "Wine 10.0"
| #define PACKAGE_BUGREPORT "wine-devel@winehq.org"
| #define PACKAGE_URL "https://www.winehq.org"
| #define PACKAGE "wine"
| #define VERSION "10.0"
| #define HAVE_STDIO_H 1
| #define HAVE_STDLIB_H 1
| #define HAVE_STRING_H 1
| #define HAVE_INTTYPES_H 1
| #define HAVE_STDINT_H 1
| #define HAVE_STRINGS_H 1
| #define HAVE_SYS_STAT_H 1
| #define HAVE_SYS_TYPES_H 1
| #define HAVE_UNISTD_H 1
| #define STDC_HEADERS 1
| #define HAVE_DLFCN_H 1
| #define LT_OBJDIR ".libs/"
| #define HAVE_LINUX_GETHOSTBYNAME_R_6 1
| #define HAVE_SIGINFO_T_SI_FD 1
| #define HAVE_STRUCT_STAT_ST_MTIM 1
| #define HAVE_STRUCT_STAT_ST_CTIM 1
| #define HAVE_STRUCT_STAT_ST_ATIM 1
| /* end confdefs.h.  */
| #include <sys/types.h>
| #ifdef HAVE_SYS_SOCKETVAR_H
| #include <sys/socketvar.h>
| #endif
| #ifdef HAVE_NETINET_IN_H
| #include <netinet/in.h>
| #endif
| #ifdef HAVE_NETINET6_IP6_VAR_H
| #include <netinet6/ip6_var.h>
| #endif
| 
| int
| main (void)
| {
| static struct ip6stat ac_aggr;
| if (ac_aggr.ip6s_total)
| return 0;
|   ;
|   return 0;
| }
configure:13923: gcc -c -g -O2  conftest.c >&5
conftest.c: In function 'main':
conftest.c:42:23: error: storage size of 'ac_aggr' isn't known
   42 | static struct ip6stat ac_aggr;
      |                       ^~~~~~~
configure:13923: $? = 1
configure: failed program was:
| /* confdefs.h */
| #define PACKAGE_NAME "Wine"
| #define PACKAGE_TARNAME "wine"
| #define PACKAGE_VERSION "10.0"
| #define PACKAGE_STRING "Wine 10.0"
| #define PACKAGE_BUGREPORT "wine-devel@winehq.org"
| #define PACKAGE_URL "https://www.winehq.org"
| #define PACKAGE "wine"
| #define VERSION "10.0"
| #define HAVE_STDIO_H 1
| #define HAVE_STDLIB_H 1
| #define HAVE_STRING_H 1
| #define HAVE_INTTYPES_H 1
| #define HAVE_STDINT_H 1
| #define HAVE_STRINGS_H 1
| #define HAVE_SYS_STAT_H 1
| #define HAVE_SYS_TYPES_H 1
| #define HAVE_UNISTD_H 1
| #define STDC_HEADERS 1
| #define HAVE_DLFCN_H 1
| #define LT_OBJDIR ".libs/"
| #define HAVE_LINUX_GETHOSTBYNAME_R_6 1
| #define HAVE_SIGINFO_T_SI_FD 1
| #define HAVE_STRUCT_STAT_ST_MTIM 1
| #define HAVE_STRUCT_STAT_ST_CTIM 1
| #define HAVE_STRUCT_STAT_ST_ATIM 1
| /* end confdefs.h.  */
| #include <sys/types.h>
| #ifdef HAVE_SYS_SOCKETVAR_H
| #include <sys/socketvar.h>
| #endif
| #ifdef HAVE_NETINET_IN_H
| #include <netinet/in.h>
| #endif
| #ifdef HAVE_NETINET6_IP6_VAR_H
| #include <netinet6/ip6_var.h>
| #endif
| 
| int
| main (void)
| {
| static struct ip6stat ac_aggr;
| if (sizeof ac_aggr.ip6s_total)
| return 0;
|   ;
|   return 0;
| }
configure:13923: result: no
configure:13943: checking for struct icmpstat.icps_error
configure:13943: gcc -c -g -O2  conftest.c >&5
conftest.c: In function 'main':
conftest.c:48:24: error: storage size of 'ac_aggr' isn't known
   48 | static struct icmpstat ac_aggr;
      |                        ^~~~~~~
configure:13943: $? = 1
configure: failed program was:
| /* confdefs.h */
| #define PACKAGE_NAME "Wine"
| #define PACKAGE_TARNAME "wine"
| #define PACKAGE_VERSION "10.0"
| #define PACKAGE_STRING "Wine 10.0"
| #define PACKAGE_BUGREPORT "wine-devel@winehq.org"
| #define PACKAGE_URL "https://www.winehq.org"
| #define PACKAGE "wine"
| #define VERSION "10.0"
| #define HAVE_STDIO_H 1
| #define HAVE_STDLIB_H 1
| #define HAVE_STRING_H 1
| #define HAVE_INTTYPES_H 1
| #define HAVE_STDINT_H 1
| #define HAVE_STRINGS_H 1
| #define HAVE_SYS_STAT_H 1
| #define HAVE_SYS_TYPES_H 1
| #define HAVE_UNISTD_H 1
| #define STDC_HEADERS 1
| #define HAVE_DLFCN_H 1
| #define LT_OBJDIR ".libs/"
| #define HAVE_LINUX_GETHOSTBYNAME_R_6 1
| #define HAVE_SIGINFO_T_SI_FD 1
| #define HAVE_STRUCT_STAT_ST_MTIM 1
| #define HAVE_STRUCT_STAT_ST_CTIM 1
| #define HAVE_STRUCT_STAT_ST_ATIM 1
| /* end confdefs.h.  */
| #include <sys/types.h>
| #ifdef HAVE_SYS_SOCKETVAR_H
| #include <sys/socketvar.h>
| #endif
| #ifdef HAVE_NETINET_IN_H
| #include <netinet/in.h>
| #endif
| #ifdef HAVE_NETINET_IP_H
| #include <netinet/ip.h>
| #endif
| #ifdef HAVE_NETINET_IP_ICMP_H
| #include <netinet/ip_icmp.h>
| #endif
| #ifdef HAVE_NETINET_ICMP_VAR_H
| #include <netinet/icmp_var.h>
| #endif
| 
| int
| main (void)
| {
| static struct icmpstat ac_aggr;
| if (ac_aggr.icps_error)
| return 0;
|   ;
|   return 0;
| }
configure:13943: gcc -c -g -O2  conftest.c >&5
conftest.c: In function 'main':
conftest.c:48:24: error: storage size of 'ac_aggr' isn't known
   48 | static struct icmpstat ac_aggr;
      |                        ^~~~~~~
configure:13943: $? = 1
configure: failed program was:
| /* confdefs.h */
| #define PACKAGE_NAME "Wine"
| #define PACKAGE_TARNAME "wine"
| #define PACKAGE_VERSION "10.0"
| #define PACKAGE_STRING "Wine 10.0"
| #define PACKAGE_BUGREPORT "wine-devel@winehq.org"
| #define PACKAGE_URL "https://www.winehq.org"
| #define PACKAGE "wine"
| #define VERSION "10.0"
| #define HAVE_STDIO_H 1
| #define HAVE_STDLIB_H 1
| #define HAVE_STRING_H 1
| #define HAVE_INTTYPES_H 1
| #define HAVE_STDINT_H 1
| #define HAVE_STRINGS_H 1
| #define HAVE_SYS_STAT_H 1
| #define HAVE_SYS_TYPES_H 1
| #define HAVE_UNISTD_H 1
| #define STDC_HEADERS 1
| #define HAVE_DLFCN_H 1
| #define LT_OBJDIR ".libs/"
| #define HAVE_LINUX_GETHOSTBYNAME_R_6 1
| #define HAVE_SIGINFO_T_SI_FD 1
| #define HAVE_STRUCT_STAT_ST_MTIM 1
| #define HAVE_STRUCT_STAT_ST_CTIM 1
| #define HAVE_STRUCT_STAT_ST_ATIM 1
| /* end confdefs.h.  */
| #include <sys/types.h>
| #ifdef HAVE_SYS_SOCKETVAR_H
| #include <sys/socketvar.h>
| #endif
| #ifdef HAVE_NETINET_IN_H
| #include <netinet/in.h>
| #endif
| #ifdef HAVE_NETINET_IP_H
| #include <netinet/ip.h>
| #endif
| #ifdef HAVE_NETINET_IP_ICMP_H
| #include <netinet/ip_icmp.h>
| #endif
| #ifdef HAVE_NETINET_ICMP_VAR_H
| #include <netinet/icmp_var.h>
| #endif
| 
| int
| main (void)
| {
| static struct icmpstat ac_aggr;
| if (sizeof ac_aggr.icps_error)
| return 0;
|   ;
|   return 0;
| }
configure:13943: result: no
configure:13969: checking for struct icmp6stat.icp6s_error
configure:13969: gcc -c -g -O2  conftest.c >&5
conftest.c: In function 'main':
conftest.c:42:25: error: storage size of 'ac_aggr' isn't known
   42 | static struct icmp6stat ac_aggr;
      |                         ^~~~~~~
configure:13969: $? = 1
configure: failed program was:
| /* confdefs.h */
| #define PACKAGE_NAME "Wine"
| #define PACKAGE_TARNAME "wine"
| #define PACKAGE_VERSION "10.0"
| #define PACKAGE_STRING "Wine 10.0"
| #define PACKAGE_BUGREPORT "wine-devel@winehq.org"
| #define PACKAGE_URL "https://www.winehq.org"
| #define PACKAGE "wine"
| #define VERSION "10.0"
| #define HAVE_STDIO_H 1
| #define HAVE_STDLIB_H 1
| #define HAVE_STRING_H 1
| #define HAVE_INTTYPES_H 1
| #define HAVE_STDINT_H 1
| #define HAVE_STRINGS_H 1
| #define HAVE_SYS_STAT_H 1
| #define HAVE_SYS_TYPES_H 1
| #define HAVE_UNISTD_H 1
| #define STDC_HEADERS 1
| #define HAVE_DLFCN_H 1
| #define LT_OBJDIR ".libs/"
| #define HAVE_LINUX_GETHOSTBYNAME_R_6 1
| #define HAVE_SIGINFO_T_SI_FD 1
| #define HAVE_STRUCT_STAT_ST_MTIM 1
| #define HAVE_STRUCT_STAT_ST_CTIM 1
| #define HAVE_STRUCT_STAT_ST_ATIM 1
| /* end confdefs.h.  */
| #include <sys/types.h>
| #ifdef HAVE_SYS_SOCKETVAR_H
| #include <sys/socketvar.h>
| #endif
| #ifdef HAVE_NETINET_IN_H
| #include <netinet/in.h>
| #endif
| #ifdef HAVE_NETINET_ICMP6_H
| #include <netinet/icmp6.h>
| #endif
| 
| int
| main (void)
| {
| static struct icmp6stat ac_aggr;
| if (ac_aggr.icp6s_error)
| return 0;
|   ;
|   return 0;
| }
configure:13969: gcc -c -g -O2  conftest.c >&5
conftest.c: In function 'main':
conftest.c:42:25: error: storage size of 'ac_aggr' isn't known
   42 | static struct icmp6stat ac_aggr;
      |                         ^~~~~~~
configure:13969: $? = 1
configure: failed program was:
| /* confdefs.h */
| #define PACKAGE_NAME "Wine"
| #define PACKAGE_TARNAME "wine"
| #define PACKAGE_VERSION "10.0"
| #define PACKAGE_STRING "Wine 10.0"
| #define PACKAGE_BUGREPORT "wine-devel@winehq.org"
| #define PACKAGE_URL "https://www.winehq.org"
| #define PACKAGE "wine"
| #define VERSION "10.0"
| #define HAVE_STDIO_H 1
| #define HAVE_STDLIB_H 1
| #define HAVE_STRING_H 1
| #define HAVE_INTTYPES_H 1
| #define HAVE_STDINT_H 1
| #define HAVE_STRINGS_H 1
| #define HAVE_SYS_STAT_H 1
| #define HAVE_SYS_TYPES_H 1
| #define HAVE_UNISTD_H 1
| #define STDC_HEADERS 1
| #define HAVE_DLFCN_H 1
| #define LT_OBJDIR ".libs/"
| #define HAVE_LINUX_GETHOSTBYNAME_R_6 1
| #define HAVE_SIGINFO_T_SI_FD 1
| #define HAVE_STRUCT_STAT_ST_MTIM 1
| #define HAVE_STRUCT_STAT_ST_CTIM 1
| #define HAVE_STRUCT_STAT_ST_ATIM 1
| /* end confdefs.h.  */
| #include <sys/types.h>
| #ifdef HAVE_SYS_SOCKETVAR_H
| #include <sys/socketvar.h>
| #endif
| #ifdef HAVE_NETINET_IN_H
| #include <netinet/in.h>
| #endif
| #ifdef HAVE_NETINET_ICMP6_H
| #include <netinet/icmp6.h>
| #endif
| 
| int
| main (void)
| {
| static struct icmp6stat ac_aggr;
| if (sizeof ac_aggr.icp6s_error)
| return 0;
|   ;
|   return 0;
| }
configure:13969: result: no
configure:13989: checking for struct tcpstat.tcps_connattempt
configure:13989: gcc -c -g -O2  conftest.c >&5
conftest.c: In function 'main':
conftest.c:45:23: error: storage size of 'ac_aggr' isn't known
   45 | static struct tcpstat ac_aggr;
      |                       ^~~~~~~
configure:13989: $? = 1
configure: failed program was:
| /* confdefs.h */
| #define PACKAGE_NAME "Wine"
| #define PACKAGE_TARNAME "wine"
| #define PACKAGE_VERSION "10.0"
| #define PACKAGE_STRING "Wine 10.0"
| #define PACKAGE_BUGREPORT "wine-devel@winehq.org"
| #define PACKAGE_URL "https://www.winehq.org"
| #define PACKAGE "wine"
| #define VERSION "10.0"
| #define HAVE_STDIO_H 1
| #define HAVE_STDLIB_H 1
| #define HAVE_STRING_H 1
| #define HAVE_INTTYPES_H 1
| #define HAVE_STDINT_H 1
| #define HAVE_STRINGS_H 1
| #define HAVE_SYS_STAT_H 1
| #define HAVE_SYS_TYPES_H 1
| #define HAVE_UNISTD_H 1
| #define STDC_HEADERS 1
| #define HAVE_DLFCN_H 1
| #define LT_OBJDIR ".libs/"
| #define HAVE_LINUX_GETHOSTBYNAME_R_6 1
| #define HAVE_SIGINFO_T_SI_FD 1
| #define HAVE_STRUCT_STAT_ST_MTIM 1
| #define HAVE_STRUCT_STAT_ST_CTIM 1
| #define HAVE_STRUCT_STAT_ST_ATIM 1
| /* end confdefs.h.  */
| #include <sys/types.h>
| #ifdef HAVE_SYS_SOCKETVAR_H
| #include <sys/socketvar.h>
| #endif
| #ifdef HAVE_NETINET_IN_H
| #include <netinet/in.h>
| #endif
| #ifdef HAVE_NETINET_TCP_H
| #include <netinet/tcp.h>
| #endif
| #ifdef HAVE_NETINET_TCP_VAR_H
| #include <netinet/tcp_var.h>
| #endif
| 
| int
| main (void)
| {
| static struct tcpstat ac_aggr;
| if (ac_aggr.tcps_connattempt)
| return 0;
|   ;
|   return 0;
| }
configure:13989: gcc -c -g -O2  conftest.c >&5
conftest.c: In function 'main':
conftest.c:45:23: error: storage size of 'ac_aggr' isn't known
   45 | static struct tcpstat ac_aggr;
      |                       ^~~~~~~
configure:13989: $? = 1
configure: failed program was:
| /* confdefs.h */
| #define PACKAGE_NAME "Wine"
| #define PACKAGE_TARNAME "wine"
| #define PACKAGE_VERSION "10.0"
| #define PACKAGE_STRING "Wine 10.0"
| #define PACKAGE_BUGREPORT "wine-devel@winehq.org"
| #define PACKAGE_URL "https://www.winehq.org"
| #define PACKAGE "wine"
| #define VERSION "10.0"
| #define HAVE_STDIO_H 1
| #define HAVE_STDLIB_H 1
| #define HAVE_STRING_H 1
| #define HAVE_INTTYPES_H 1
| #define HAVE_STDINT_H 1
| #define HAVE_STRINGS_H 1
| #define HAVE_SYS_STAT_H 1
| #define HAVE_SYS_TYPES_H 1
| #define HAVE_UNISTD_H 1
| #define STDC_HEADERS 1
| #define HAVE_DLFCN_H 1
| #define LT_OBJDIR ".libs/"
| #define HAVE_LINUX_GETHOSTBYNAME_R_6 1
| #define HAVE_SIGINFO_T_SI_FD 1
| #define HAVE_STRUCT_STAT_ST_MTIM 1
| #define HAVE_STRUCT_STAT_ST_CTIM 1
| #define HAVE_STRUCT_STAT_ST_ATIM 1
| /* end confdefs.h.  */
| #include <sys/types.h>
| #ifdef HAVE_SYS_SOCKETVAR_H
| #include <sys/socketvar.h>
| #endif
| #ifdef HAVE_NETINET_IN_H
| #include <netinet/in.h>
| #endif
| #ifdef HAVE_NETINET_TCP_H
| #include <netinet/tcp.h>
| #endif
| #ifdef HAVE_NETINET_TCP_VAR_H
| #include <netinet/tcp_var.h>
| #endif
| 
| int
| main (void)
| {
| static struct tcpstat ac_aggr;
| if (sizeof ac_aggr.tcps_connattempt)
| return 0;
|   ;
|   return 0;
| }
configure:13989: result: no
configure:14012: checking for struct tcp_stats.tcps_connattempt
configure:14012: gcc -c -g -O2  conftest.c >&5
conftest.c: In function 'main':
conftest.c:35:25: error: storage size of 'ac_aggr' isn't known
   35 | static struct tcp_stats ac_aggr;
      |                         ^~~~~~~
configure:14012: $? = 1
configure: failed program was:
| /* confdefs.h */
| #define PACKAGE_NAME "Wine"
| #define PACKAGE_TARNAME "wine"
| #define PACKAGE_VERSION "10.0"
| #define PACKAGE_STRING "Wine 10.0"
| #define PACKAGE_BUGREPORT "wine-devel@winehq.org"
| #define PACKAGE_URL "https://www.winehq.org"
| #define PACKAGE "wine"
| #define VERSION "10.0"
| #define HAVE_STDIO_H 1
| #define HAVE_STDLIB_H 1
| #define HAVE_STRING_H 1
| #define HAVE_INTTYPES_H 1
| #define HAVE_STDINT_H 1
| #define HAVE_STRINGS_H 1
| #define HAVE_SYS_STAT_H 1
| #define HAVE_SYS_TYPES_H 1
| #define HAVE_UNISTD_H 1
| #define STDC_HEADERS 1
| #define HAVE_DLFCN_H 1
| #define LT_OBJDIR ".libs/"
| #define HAVE_LINUX_GETHOSTBYNAME_R_6 1
| #define HAVE_SIGINFO_T_SI_FD 1
| #define HAVE_STRUCT_STAT_ST_MTIM 1
| #define HAVE_STRUCT_STAT_ST_CTIM 1
| #define HAVE_STRUCT_STAT_ST_ATIM 1
| /* end confdefs.h.  */
| #ifdef HAVE_NETINET_TCP_VAR_H
| #include <netinet/tcp_var.h>
| #endif
| 
| int
| main (void)
| {
| static struct tcp_stats ac_aggr;
| if (ac_aggr.tcps_connattempt)
| return 0;
|   ;
|   return 0;
| }
configure:14012: gcc -c -g -O2  conftest.c >&5
conftest.c: In function 'main':
conftest.c:35:25: error: storage size of 'ac_aggr' isn't known
   35 | static struct tcp_stats ac_aggr;
      |                         ^~~~~~~
configure:14012: $? = 1
configure: failed program was:
| /* confdefs.h */
| #define PACKAGE_NAME "Wine"
| #define PACKAGE_TARNAME "wine"
| #define PACKAGE_VERSION "10.0"
| #define PACKAGE_STRING "Wine 10.0"
| #define PACKAGE_BUGREPORT "wine-devel@winehq.org"
| #define PACKAGE_URL "https://www.winehq.org"
| #define PACKAGE "wine"
| #define VERSION "10.0"
| #define HAVE_STDIO_H 1
| #define HAVE_STDLIB_H 1
| #define HAVE_STRING_H 1
| #define HAVE_INTTYPES_H 1
| #define HAVE_STDINT_H 1
| #define HAVE_STRINGS_H 1
| #define HAVE_SYS_STAT_H 1
| #define HAVE_SYS_TYPES_H 1
| #define HAVE_UNISTD_H 1
| #define STDC_HEADERS 1
| #define HAVE_DLFCN_H 1
| #define LT_OBJDIR ".libs/"
| #define HAVE_LINUX_GETHOSTBYNAME_R_6 1
| #define HAVE_SIGINFO_T_SI_FD 1
| #define HAVE_STRUCT_STAT_ST_MTIM 1
| #define HAVE_STRUCT_STAT_ST_CTIM 1
| #define HAVE_STRUCT_STAT_ST_ATIM 1
| /* end confdefs.h.  */
| #ifdef HAVE_NETINET_TCP_VAR_H
| #include <netinet/tcp_var.h>
| #endif
| 
| int
| main (void)
| {
| static struct tcp_stats ac_aggr;
| if (sizeof ac_aggr.tcps_connattempt)
| return 0;
|   ;
|   return 0;
| }
configure:14012: result: no
configure:14025: checking for struct udpstat.udps_ipackets
configure:14025: gcc -c -g -O2  conftest.c >&5
conftest.c: In function 'main':
conftest.c:45:23: error: storage size of 'ac_aggr' isn't known
   45 | static struct udpstat ac_aggr;
      |                       ^~~~~~~
configure:14025: $? = 1
configure: failed program was:
| /* confdefs.h */
| #define PACKAGE_NAME "Wine"
| #define PACKAGE_TARNAME "wine"
| #define PACKAGE_VERSION "10.0"
| #define PACKAGE_STRING "Wine 10.0"
| #define PACKAGE_BUGREPORT "wine-devel@winehq.org"
| #define PACKAGE_URL "https://www.winehq.org"
| #define PACKAGE "wine"
| #define VERSION "10.0"
| #define HAVE_STDIO_H 1
| #define HAVE_STDLIB_H 1
| #define HAVE_STRING_H 1
| #define HAVE_INTTYPES_H 1
| #define HAVE_STDINT_H 1
| #define HAVE_STRINGS_H 1
| #define HAVE_SYS_STAT_H 1
| #define HAVE_SYS_TYPES_H 1
| #define HAVE_UNISTD_H 1
| #define STDC_HEADERS 1
| #define HAVE_DLFCN_H 1
| #define LT_OBJDIR ".libs/"
| #define HAVE_LINUX_GETHOSTBYNAME_R_6 1
| #define HAVE_SIGINFO_T_SI_FD 1
| #define HAVE_STRUCT_STAT_ST_MTIM 1
| #define HAVE_STRUCT_STAT_ST_CTIM 1
| #define HAVE_STRUCT_STAT_ST_ATIM 1
| /* end confdefs.h.  */
| #include <sys/types.h>
| #ifdef HAVE_NETINET_IN_H
| #include <netinet/in.h>
| #endif
| #ifdef HAVE_NETINET_IP_VAR_H
| #include <netinet/ip_var.h>
| #endif
| #ifdef HAVE_NETINET_UDP_H
| #include <netinet/udp.h>
| #endif
| #ifdef HAVE_NETINET_UDP_VAR_H
| #include <netinet/udp_var.h>
| #endif
| 
| int
| main (void)
| {
| static struct udpstat ac_aggr;
| if (ac_aggr.udps_ipackets)
| return 0;
|   ;
|   return 0;
| }
configure:14025: gcc -c -g -O2  conftest.c >&5
conftest.c: In function 'main':
conftest.c:45:23: error: storage size of 'ac_aggr' isn't known
   45 | static struct udpstat ac_aggr;
      |                       ^~~~~~~
configure:14025: $? = 1
configure: failed program was:
| /* confdefs.h */
| #define PACKAGE_NAME "Wine"
| #define PACKAGE_TARNAME "wine"
| #define PACKAGE_VERSION "10.0"
| #define PACKAGE_STRING "Wine 10.0"
| #define PACKAGE_BUGREPORT "wine-devel@winehq.org"
| #define PACKAGE_URL "https://www.winehq.org"
| #define PACKAGE "wine"
| #define VERSION "10.0"
| #define HAVE_STDIO_H 1
| #define HAVE_STDLIB_H 1
| #define HAVE_STRING_H 1
| #define HAVE_INTTYPES_H 1
| #define HAVE_STDINT_H 1
| #define HAVE_STRINGS_H 1
| #define HAVE_SYS_STAT_H 1
| #define HAVE_SYS_TYPES_H 1
| #define HAVE_UNISTD_H 1
| #define STDC_HEADERS 1
| #define HAVE_DLFCN_H 1
| #define LT_OBJDIR ".libs/"
| #define HAVE_LINUX_GETHOSTBYNAME_R_6 1
| #define HAVE_SIGINFO_T_SI_FD 1
| #define HAVE_STRUCT_STAT_ST_MTIM 1
| #define HAVE_STRUCT_STAT_ST_CTIM 1
| #define HAVE_STRUCT_STAT_ST_ATIM 1
| /* end confdefs.h.  */
| #include <sys/types.h>
| #ifdef HAVE_NETINET_IN_H
| #include <netinet/in.h>
| #endif
| #ifdef HAVE_NETINET_IP_VAR_H
| #include <netinet/ip_var.h>
| #endif
| #ifdef HAVE_NETINET_UDP_H
| #include <netinet/udp.h>
| #endif
| #ifdef HAVE_NETINET_UDP_VAR_H
| #include <netinet/udp_var.h>
| #endif
| 
| int
| main (void)
| {
| static struct udpstat ac_aggr;
| if (sizeof ac_aggr.udps_ipackets)
| return 0;
|   ;
|   return 0;
| }
configure:14025: result: no
configure:14048: checking for struct ifreq.ifr_hwaddr
configure:14048: gcc -c -g -O2  conftest.c >&5
conftest.c: In function 'main':
conftest.c:36:21: error: storage size of 'ac_aggr' isn't known
   36 | static struct ifreq ac_aggr;
      |                     ^~~~~~~
configure:14048: $? = 1
configure: failed program was:
| /* confdefs.h */
| #define PACKAGE_NAME "Wine"
| #define PACKAGE_TARNAME "wine"
| #define PACKAGE_VERSION "10.0"
| #define PACKAGE_STRING "Wine 10.0"
| #define PACKAGE_BUGREPORT "wine-devel@winehq.org"
| #define PACKAGE_URL "https://www.winehq.org"
| #define PACKAGE "wine"
| #define VERSION "10.0"
| #define HAVE_STDIO_H 1
| #define HAVE_STDLIB_H 1
| #define HAVE_STRING_H 1
| #define HAVE_INTTYPES_H 1
| #define HAVE_STDINT_H 1
| #define HAVE_STRINGS_H 1
| #define HAVE_SYS_STAT_H 1
| #define HAVE_SYS_TYPES_H 1
| #define HAVE_UNISTD_H 1
| #define STDC_HEADERS 1
| #define HAVE_DLFCN_H 1
| #define LT_OBJDIR ".libs/"
| #define HAVE_LINUX_GETHOSTBYNAME_R_6 1
| #define HAVE_SIGINFO_T_SI_FD 1
| #define HAVE_STRUCT_STAT_ST_MTIM 1
| #define HAVE_STRUCT_STAT_ST_CTIM 1
| #define HAVE_STRUCT_STAT_ST_ATIM 1
| /* end confdefs.h.  */
| #include <sys/types.h>
| #ifdef HAVE_NET_IF_H
| # include <net/if.h>
| #endif
| 
| int
| main (void)
| {
| static struct ifreq ac_aggr;
| if (ac_aggr.ifr_hwaddr)
| return 0;
|   ;
|   return 0;
| }
configure:14048: gcc -c -g -O2  conftest.c >&5
conftest.c: In function 'main':
conftest.c:36:21: error: storage size of 'ac_aggr' isn't known
   36 | static struct ifreq ac_aggr;
      |                     ^~~~~~~
configure:14048: $? = 1
configure: failed program was:
| /* confdefs.h */
| #define PACKAGE_NAME "Wine"
| #define PACKAGE_TARNAME "wine"
| #define PACKAGE_VERSION "10.0"
| #define PACKAGE_STRING "Wine 10.0"
| #define PACKAGE_BUGREPORT "wine-devel@winehq.org"
| #define PACKAGE_URL "https://www.winehq.org"
| #define PACKAGE "wine"
| #define VERSION "10.0"
| #define HAVE_STDIO_H 1
| #define HAVE_STDLIB_H 1
| #define HAVE_STRING_H 1
| #define HAVE_INTTYPES_H 1
| #define HAVE_STDINT_H 1
| #define HAVE_STRINGS_H 1
| #define HAVE_SYS_STAT_H 1
| #define HAVE_SYS_TYPES_H 1
| #define HAVE_UNISTD_H 1
| #define STDC_HEADERS 1
| #define HAVE_DLFCN_H 1
| #define LT_OBJDIR ".libs/"
| #define HAVE_LINUX_GETHOSTBYNAME_R_6 1
| #define HAVE_SIGINFO_T_SI_FD 1
| #define HAVE_STRUCT_STAT_ST_MTIM 1
| #define HAVE_STRUCT_STAT_ST_CTIM 1
| #define HAVE_STRUCT_STAT_ST_ATIM 1
| /* end confdefs.h.  */
| #include <sys/types.h>
| #ifdef HAVE_NET_IF_H
| # include <net/if.h>
| #endif
| 
| int
| main (void)
| {
| static struct ifreq ac_aggr;
| if (sizeof ac_aggr.ifr_hwaddr)
| return 0;
|   ;
|   return 0;
| }
configure:14048: result: no
configure:14062: checking for struct sysinfo.totalram
configure:14062: gcc -c -g -O2  conftest.c >&5
conftest.c: In function 'main':
conftest.c:35:23: error: storage size of 'ac_aggr' isn't known
   35 | static struct sysinfo ac_aggr;
      |                       ^~~~~~~
configure:14062: $? = 1
configure: failed program was:
| /* confdefs.h */
| #define PACKAGE_NAME "Wine"
| #define PACKAGE_TARNAME "wine"
| #define PACKAGE_VERSION "10.0"
| #define PACKAGE_STRING "Wine 10.0"
| #define PACKAGE_BUGREPORT "wine-devel@winehq.org"
| #define PACKAGE_URL "https://www.winehq.org"
| #define PACKAGE "wine"
| #define VERSION "10.0"
| #define HAVE_STDIO_H 1
| #define HAVE_STDLIB_H 1
| #define HAVE_STRING_H 1
| #define HAVE_INTTYPES_H 1
| #define HAVE_STDINT_H 1
| #define HAVE_STRINGS_H 1
| #define HAVE_SYS_STAT_H 1
| #define HAVE_SYS_TYPES_H 1
| #define HAVE_UNISTD_H 1
| #define STDC_HEADERS 1
| #define HAVE_DLFCN_H 1
| #define LT_OBJDIR ".libs/"
| #define HAVE_LINUX_GETHOSTBYNAME_R_6 1
| #define HAVE_SIGINFO_T_SI_FD 1
| #define HAVE_STRUCT_STAT_ST_MTIM 1
| #define HAVE_STRUCT_STAT_ST_CTIM 1
| #define HAVE_STRUCT_STAT_ST_ATIM 1
| /* end confdefs.h.  */
| #ifdef HAVE_SYS_SYSINFO_H
| # include <sys/sysinfo.h>
| #endif
| 
| int
| main (void)
| {
| static struct sysinfo ac_aggr;
| if (ac_aggr.totalram)
| return 0;
|   ;
|   return 0;
| }
configure:14062: gcc -c -g -O2  conftest.c >&5
conftest.c: In function 'main':
conftest.c:35:23: error: storage size of 'ac_aggr' isn't known
   35 | static struct sysinfo ac_aggr;
      |                       ^~~~~~~
configure:14062: $? = 1
configure: failed program was:
| /* confdefs.h */
| #define PACKAGE_NAME "Wine"
| #define PACKAGE_TARNAME "wine"
| #define PACKAGE_VERSION "10.0"
| #define PACKAGE_STRING "Wine 10.0"
| #define PACKAGE_BUGREPORT "wine-devel@winehq.org"
| #define PACKAGE_URL "https://www.winehq.org"
| #define PACKAGE "wine"
| #define VERSION "10.0"
| #define HAVE_STDIO_H 1
| #define HAVE_STDLIB_H 1
| #define HAVE_STRING_H 1
| #define HAVE_INTTYPES_H 1
| #define HAVE_STDINT_H 1
| #define HAVE_STRINGS_H 1
| #define HAVE_SYS_STAT_H 1
| #define HAVE_SYS_TYPES_H 1
| #define HAVE_UNISTD_H 1
| #define STDC_HEADERS 1
| #define HAVE_DLFCN_H 1
| #define LT_OBJDIR ".libs/"
| #define HAVE_LINUX_GETHOSTBYNAME_R_6 1
| #define HAVE_SIGINFO_T_SI_FD 1
| #define HAVE_STRUCT_STAT_ST_MTIM 1
| #define HAVE_STRUCT_STAT_ST_CTIM 1
| #define HAVE_STRUCT_STAT_ST_ATIM 1
| /* end confdefs.h.  */
| #ifdef HAVE_SYS_SYSINFO_H
| # include <sys/sysinfo.h>
| #endif
| 
| int
| main (void)
| {
| static struct sysinfo ac_aggr;
| if (sizeof ac_aggr.totalram)
| return 0;
|   ;
|   return 0;
| }
configure:14062: result: no
configure:14073: checking for struct sysinfo.mem_unit
configure:14073: gcc -c -g -O2  conftest.c >&5
conftest.c: In function 'main':
conftest.c:35:23: error: storage size of 'ac_aggr' isn't known
   35 | static struct sysinfo ac_aggr;
      |                       ^~~~~~~
configure:14073: $? = 1
configure: failed program was:
| /* confdefs.h */
| #define PACKAGE_NAME "Wine"
| #define PACKAGE_TARNAME "wine"
| #define PACKAGE_VERSION "10.0"
| #define PACKAGE_STRING "Wine 10.0"
| #define PACKAGE_BUGREPORT "wine-devel@winehq.org"
| #define PACKAGE_URL "https://www.winehq.org"
| #define PACKAGE "wine"
| #define VERSION "10.0"
| #define HAVE_STDIO_H 1
| #define HAVE_STDLIB_H 1
| #define HAVE_STRING_H 1
| #define HAVE_INTTYPES_H 1
| #define HAVE_STDINT_H 1
| #define HAVE_STRINGS_H 1
| #define HAVE_SYS_STAT_H 1
| #define HAVE_SYS_TYPES_H 1
| #define HAVE_UNISTD_H 1
| #define STDC_HEADERS 1
| #define HAVE_DLFCN_H 1
| #define LT_OBJDIR ".libs/"
| #define HAVE_LINUX_GETHOSTBYNAME_R_6 1
| #define HAVE_SIGINFO_T_SI_FD 1
| #define HAVE_STRUCT_STAT_ST_MTIM 1
| #define HAVE_STRUCT_STAT_ST_CTIM 1
| #define HAVE_STRUCT_STAT_ST_ATIM 1
| /* end confdefs.h.  */
| #ifdef HAVE_SYS_SYSINFO_H
| # include <sys/sysinfo.h>
| #endif
| 
| int
| main (void)
| {
| static struct sysinfo ac_aggr;
| if (ac_aggr.mem_unit)
| return 0;
|   ;
|   return 0;
| }
configure:14073: gcc -c -g -O2  conftest.c >&5
conftest.c: In function 'main':
conftest.c:35:23: error: storage size of 'ac_aggr' isn't known
   35 | static struct sysinfo ac_aggr;
      |                       ^~~~~~~
configure:14073: $? = 1
configure: failed program was:
| /* confdefs.h */
| #define PACKAGE_NAME "Wine"
| #define PACKAGE_TARNAME "wine"
| #define PACKAGE_VERSION "10.0"
| #define PACKAGE_STRING "Wine 10.0"
| #define PACKAGE_BUGREPORT "wine-devel@winehq.org"
| #define PACKAGE_URL "https://www.winehq.org"
| #define PACKAGE "wine"
| #define VERSION "10.0"
| #define HAVE_STDIO_H 1
| #define HAVE_STDLIB_H 1
| #define HAVE_STRING_H 1
| #define HAVE_INTTYPES_H 1
| #define HAVE_STDINT_H 1
| #define HAVE_STRINGS_H 1
| #define HAVE_SYS_STAT_H 1
| #define HAVE_SYS_TYPES_H 1
| #define HAVE_UNISTD_H 1
| #define STDC_HEADERS 1
| #define HAVE_DLFCN_H 1
| #define LT_OBJDIR ".libs/"
| #define HAVE_LINUX_GETHOSTBYNAME_R_6 1
| #define HAVE_SIGINFO_T_SI_FD 1
| #define HAVE_STRUCT_STAT_ST_MTIM 1
| #define HAVE_STRUCT_STAT_ST_CTIM 1
| #define HAVE_STRUCT_STAT_ST_ATIM 1
| /* end confdefs.h.  */
| #ifdef HAVE_SYS_SYSINFO_H
| # include <sys/sysinfo.h>
| #endif
| 
| int
| main (void)
| {
| static struct sysinfo ac_aggr;
| if (sizeof ac_aggr.mem_unit)
| return 0;
|   ;
|   return 0;
| }
configure:14073: result: no
configure:14088: checking for __builtin_popcount
configure:14105: gcc -o conftest -g -O2   conftest.c  >&5
configure:14105: $? = 0
configure:14114: result: yes
configure:14123: checking for __clear_cache
configure:14140: gcc -o conftest -g -O2   conftest.c  >&5
configure:14140: $? = 0
configure:14149: result: yes
configure:14200: gcc -c -g -O2  conftest.c >&5
configure:14200: $? = 0
configure:19374: checking that generated files are newer than configure
configure:19380: result: done
configure:19411: creating ./config.status

## ---------------- ##
## Cache variables. ##
## ---------------- ##

ac_cv_build=x86_64-pc-linux-gnu
ac_cv_c_compiler_gnu=yes
ac_cv_env_CC_set=
ac_cv_env_CC_value=
ac_cv_env_CFLAGS_set=
ac_cv_env_CFLAGS_value=
ac_cv_env_CPPFLAGS_set=
ac_cv_env_CPPFLAGS_value=
ac_cv_env_LDFLAGS_set=
ac_cv_env_LDFLAGS_value=
ac_cv_env_LIBS_set=
ac_cv_env_LIBS_value=
ac_cv_env_LT_SYS_LIBRARY_PATH_set=
ac_cv_env_LT_SYS_LIBRARY_PATH_value=
ac_cv_env_build_alias_set=
ac_cv_env_build_alias_value=
ac_cv_env_host_alias_set=
ac_cv_env_host_alias_value=
ac_cv_env_target_alias_set=
ac_cv_env_target_alias_value=
ac_cv_have___builtin_popcount=yes
ac_cv_have___clear_cache=yes
ac_cv_header_dlfcn_h=yes
ac_cv_header_inttypes_h=yes
ac_cv_header_stdint_h=yes
ac_cv_header_stdio_h=yes
ac_cv_header_stdlib_h=yes
ac_cv_header_string_h=yes
ac_cv_header_strings_h=yes
ac_cv_header_sys_stat_h=yes
ac_cv_header_sys_types_h=yes
ac_cv_header_unistd_h=yes
ac_cv_host=x86_64-pc-linux-gnu
ac_cv_member_scsireq_t_cmd=no
ac_cv_member_sg_io_hdr_t_interface_id=no
ac_cv_member_siginfo_t_si_fd=yes
ac_cv_member_struct___res_state__u__ext_nscount6=no
ac_cv_member_struct_icmp6stat_icp6s_error=no
ac_cv_member_struct_icmpstat_icps_error=no
ac_cv_member_struct_ifreq_ifr_hwaddr=no
ac_cv_member_struct_in6_pktinfo_ipi6_addr=no
ac_cv_member_struct_ip6stat_ip6s_total=no
ac_cv_member_struct_ip_stats_ips_total=no
ac_cv_member_struct_ipstat_ips_total=no
ac_cv_member_struct_mtget_mt_blkno=no
ac_cv_member_struct_mtget_mt_blksiz=no
ac_cv_member_struct_mtget_mt_gstat=no
ac_cv_member_struct_sockaddr_in6_sin6_scope_id=no
ac_cv_member_struct_sockaddr_un_sun_len=no
ac_cv_member_struct_stat___st_birthtim=no
ac_cv_member_struct_stat___st_birthtime=no
ac_cv_member_struct_stat_st_atim=yes
ac_cv_member_struct_stat_st_atimespec=no
ac_cv_member_struct_stat_st_birthtim=no
ac_cv_member_struct_stat_st_birthtime=no
ac_cv_member_struct_stat_st_birthtimespec=no
ac_cv_member_struct_stat_st_ctim=yes
ac_cv_member_struct_stat_st_ctimespec=no
ac_cv_member_struct_stat_st_mtim=yes
ac_cv_member_struct_stat_st_mtimespec=no
ac_cv_member_struct_sysinfo_mem_unit=no
ac_cv_member_struct_sysinfo_totalram=no
ac_cv_member_struct_tcp_stats_tcps_connattempt=no
ac_cv_member_struct_tcpstat_tcps_connattempt=no
ac_cv_member_struct_udpstat_udps_ipackets=no
ac_cv_objext=o
ac_cv_path_EGREP='/usr/bin/grep -E'
ac_cv_path_FGREP='/usr/bin/grep -F'
ac_cv_path_GREP=/usr/bin/grep
ac_cv_path_SED=/usr/bin/sed
ac_cv_path_install='/usr/bin/install -c'
ac_cv_path_lt_DD=/usr/bin/dd
ac_cv_path_mkdir=/usr/bin/mkdir
ac_cv_prog_AWK=gawk
ac_cv_prog_ac_ct_AR=ar
ac_cv_prog_ac_ct_CC=gcc
ac_cv_prog_ac_ct_FILECMD=file
ac_cv_prog_ac_ct_MANIFEST_TOOL=mt
ac_cv_prog_ac_ct_OBJDUMP=objdump
ac_cv_prog_ac_ct_RANLIB=ranlib
ac_cv_prog_ac_ct_STRIP=strip
ac_cv_prog_cc_c11=
ac_cv_prog_cc_g=yes
ac_cv_prog_cc_stdc=
ac_cv_prog_make_make_set=yes
ac_cv_type_request_sense=no
am_cv_CC_dependencies_compiler_type=gcc3
am_cv_make_support_nested_variables=yes
am_cv_prog_cc_c_o=yes
lt_cv_ar_at_file=@
lt_cv_archive_cmds_need_lc=no
lt_cv_deplibs_check_method=pass_all
lt_cv_file_magic_cmd='$MAGIC_CMD'
lt_cv_file_magic_test_file=
lt_cv_ld_reload_flag=-r
lt_cv_nm_interface='BSD nm'
lt_cv_objdir=.libs
lt_cv_path_LD=/usr/bin/ld
lt_cv_path_NM='/usr/bin/nm -B'
lt_cv_path_mainfest_tool=no
lt_cv_prog_compiler_c_o=yes
lt_cv_prog_compiler_pic='-fPIC -DPIC'
lt_cv_prog_compiler_pic_works=yes
lt_cv_prog_compiler_rtti_exceptions=no
lt_cv_prog_compiler_static_works=yes
lt_cv_prog_gnu_ld=yes
lt_cv_sharedlib_from_linklib_cmd='printf %s\n'
lt_cv_shlibpath_overrides_runpath=yes
lt_cv_sys_global_symbol_pipe='/usr/bin/sed -n -e '\''s/^.*[	 ]\([ABCDGIRSTW][ABCDGIRSTW]*\)[	 ][	 ]*\([_A-Za-z][_A-Za-z0-9]*\)$/\1 \2 \2/p'\'' | /usr/bin/sed '\''/ __gnu_lto/d'\'''
lt_cv_sys_global_symbol_to_c_name_address='/usr/bin/sed -n -e '\''s/^: \(.*\) .*$/  {"\1", (void *) 0},/p'\'' -e '\''s/^[ABCDGIRSTW][ABCDGIRSTW]* .* \(.*\)$/  {"\1", (void *) \&\1},/p'\'''
lt_cv_sys_global_symbol_to_c_name_address_lib_prefix='/usr/bin/sed -n -e '\''s/^: \(.*\) .*$/  {"\1", (void *) 0},/p'\'' -e '\''s/^[ABCDGIRSTW][ABCDGIRSTW]* .* \(lib.*\)$/  {"\1", (void *) \&\1},/p'\'' -e '\''s/^[ABCDGIRSTW][ABCDGIRSTW]* .* \(.*\)$/  {"lib\1", (void *) \&\1},/p'\'''
lt_cv_sys_global_symbol_to_cdecl='/usr/bin/sed -n -e '\''s/^T .* \(.*\)$/extern int \1();/p'\'' -e '\''s/^[ABCDGIRSTW][ABCDGIRSTW]* .* \(.*\)$/extern char \1;/p'\'''
lt_cv_sys_global_symbol_to_import=
lt_cv_sys_max_cmd_len=3145728
lt_cv_to_host_file_cmd=func_convert_file_noop
lt_cv_to_tool_file_cmd=func_convert_file_noop
lt_cv_truncate_bin='/usr/bin/dd bs=4096 count=1'
wine_cv_linux_gethostbyname_r_6=yes

## ----------------- ##
## Output variables. ##
## ----------------- ##

ACLOCAL='${SHELL} '\''/home/runner/work/Goliath/Goliath/tools/missing'\'' aclocal-1.16'
AMDEPBACKSLASH='\'
AMDEP_FALSE='#'
AMDEP_TRUE=''
AMTAR='$${TAR-tar}'
AM_BACKSLASH='\'
AM_DEFAULT_V='$(AM_DEFAULT_VERBOSITY)'
AM_DEFAULT_VERBOSITY='1'
AM_V='$(V)'
AR='ar'
AUTOCONF='${SHELL} '\''/home/runner/work/Goliath/Goliath/tools/missing'\'' autoconf'
AUTOHEADER='${SHELL} '\''/home/runner/work/Goliath/Goliath/tools/missing'\'' autoheader'
AUTOMAKE='${SHELL} '\''/home/runner/work/Goliath/Goliath/tools/missing'\'' automake-1.16'
AWK='gawk'
CC='gcc'
CCDEPMODE='depmode=gcc3'
CFLAGS='-g -O2'
CPPFLAGS=''
CSCOPE='cscope'
CTAGS='ctags'
CYGPATH_W='echo'
DEFS='-DHAVE_CONFIG_H'
DEPDIR='.deps'
DLLTOOL='false'
DSYMUTIL=''
DUMPBIN=''
ECHO_C=''
ECHO_N='-n'
ECHO_T=''
EGREP='/usr/bin/grep -E'
ETAGS='etags'
EXEEXT=''
FGREP='/usr/bin/grep -F'
FILECMD='file'
GREP='/usr/bin/grep'
HAVE_MACOS_FALSE=''
HAVE_MACOS_TRUE='#'
INSTALL_DATA='${INSTALL} -m 644'
INSTALL_PROGRAM='${INSTALL}'
INSTALL_SCRIPT='${INSTALL}'
INSTALL_STRIP_PROGRAM='$(install_sh) -c -s'
LD='/usr/bin/ld -m elf_x86_64'
LDFLAGS=''
LIBOBJS=''
LIBS=''
LIBTOOL='$(SHELL) $(top_builddir)/libtool'
LIPO=''
LN_S='ln -s'
LTLIBOBJS=''
LT_SYS_LIBRARY_PATH=''
MAKEINFO='${SHELL} '\''/home/runner/work/Goliath/Goliath/tools/missing'\'' makeinfo'
MANIFEST_TOOL=':'
MKDIR_P='/usr/bin/mkdir -p'
NM='/usr/bin/nm -B'
NMEDIT=''
OBJDUMP='objdump'
OBJEXT='o'
OTOOL64=''
OTOOL=''
PACKAGE='wine'
PACKAGE_BUGREPORT='wine-devel@winehq.org'
PACKAGE_NAME='Wine'
PACKAGE_STRING='Wine 10.0'
PACKAGE_TARNAME='wine'
PACKAGE_URL='https://www.winehq.org'
PACKAGE_VERSION='10.0'
PATH_SEPARATOR=':'
RANLIB='ranlib'
SED='/usr/bin/sed'
SET_MAKE=''
SHELL='/bin/sh'
STRIP='strip'
TAGSFLAGS='--langmap='\''c:+.idl.l.rh,make:(Make*.in)'\'''
VERSION='10.0'
ac_ct_AR='ar'
ac_ct_CC='gcc'
ac_ct_DUMPBIN=''
am__EXEEXT_FALSE=''
am__EXEEXT_TRUE='#'
am__fastdepCC_FALSE='#'
am__fastdepCC_TRUE=''
am__include='include'
am__isrc=''
am__leading_dot='.'
am__nodep='_no'
am__quote=''
am__tar='$${TAR-tar} chof - "$$tardir"'
am__untar='$${TAR-tar} xf -'
bindir='${exec_prefix}/bin'
build='x86_64-pc-linux-gnu'
build_alias=''
build_cpu='x86_64'
build_os='linux-gnu'
build_vendor='pc'
datadir='${datarootdir}'
datarootdir='${prefix}/share'
docdir='${datarootdir}/doc/${PACKAGE_TARNAME}'
dvidir='${docdir}'
exec_prefix='${prefix}'
host='x86_64-pc-linux-gnu'
host_alias=''
host_cpu='x86_64'
host_os='linux-gnu'
host_vendor='pc'
htmldir='${docdir}'
includedir='${prefix}/include'
infodir='${datarootdir}/info'
install_sh='${SHELL} /home/runner/work/Goliath/Goliath/tools/install-sh'
libdir='${exec_prefix}/lib'
libexecdir='${exec_prefix}/libexec'
localedir='${datarootdir}/locale'
localstatedir='${prefix}/var'
mandir='${datarootdir}/man'
mkdir_p='$(MKDIR_P)'
oldincludedir='/usr/include'
pdfdir='${docdir}'
prefix='/usr/local'
program_transform_name='s,x,x,'
psdir='${docdir}'
runstatedir='${localstatedir}/run'
sbindir='${exec_prefix}/sbin'
sharedstatedir='${prefix}/com'
sysconfdir='${prefix}/etc'
target_alias=''

## ----------- ##
## confdefs.h. ##
## ----------- ##

/* confdefs.h */
#define PACKAGE_NAME "Wine"
#define PACKAGE_TARNAME "wine"
#define PACKAGE_VERSION "10.0"
#define PACKAGE_STRING "Wine 10.0"
#define PACKAGE_BUGREPORT "wine-devel@winehq.org"
#define PACKAGE_URL "https://www.winehq.org"
#define PACKAGE "wine"
#define VERSION "10.0"
#define HAVE_STDIO_H 1
#define HAVE_STDLIB_H 1
#define HAVE_STRING_H 1
#define HAVE_INTTYPES_H 1
#define HAVE_STDINT_H 1
#define HAVE_STRINGS_H 1
#define HAVE_SYS_STAT_H 1
#define HAVE_SYS_TYPES_H 1
#define HAVE_UNISTD_H 1
#define STDC_HEADERS 1
#define HAVE_DLFCN_H 1
#define LT_OBJDIR ".libs/"
#define HAVE_LINUX_GETHOSTBYNAME_R_6 1
#define HAVE_SIGINFO_T_SI_FD 1
#define HAVE_STRUCT_STAT_ST_MTIM 1
#define HAVE_STRUCT_STAT_ST_CTIM 1
#define HAVE_STRUCT_STAT_ST_ATIM 1
#define HAVE___BUILTIN_POPCOUNT 1
#define HAVE___CLEAR_CACHE 1
#define __x86_64__ 1

configure: exit 0
